This is pdfTeX, Version 3.141592653-2.6-1.40.28 (MiKTeX 25.12) (preloaded format=pdflatex 2026.3.1)  19 APR 2026 12:48
entering extended mode
 restricted \write18 enabled.
 %&-line parsing enabled.
**./defensoria.tex
(defensoria.tex
LaTeX2e <2025-11-01>
L3 programming layer <2025-12-24>
(C:\Users\Estudiante\AppData\Local\Programs\MiKTeX\tex/latex/base\book.cls
Document Class: book 2025/01/22 v1.4n Standard LaTeX document class
(C:\Users\Estudiante\AppData\Local\Programs\MiKTeX\tex/latex/base\bk12.clo
File: bk12.clo 2025/01/22 v1.4n Standard LaTeX file (size option)
)
\c@part=\count275
\c@chapter=\count276
\c@section=\count277
\c@subsection=\count278
\c@subsubsection=\count279
\c@paragraph=\count280
\c@subparagraph=\count281
\c@figure=\count282
\c@table=\count283
\abovecaptionskip=\skip49
\belowcaptionskip=\skip50
\bibindent=\dimen148
)
(configuraciones/setup.sty
Package: configuraciones/setup 

(C:\Users\Estudiante\AppData\Local\Programs\MiKTeX\tex/latex/base\inputenc.sty
Package: inputenc 2024/02/08 v1.3d Input encoding file
\inpenc@prehook=\toks17
\inpenc@posthook=\toks18
) (C:\Users\Estudiante\AppData\Local\Programs\MiKTeX\tex/latex/base\fontenc.sty
Package: fontenc 2025/07/18 v2.1d Standard LaTeX package
) (C:\Users\Estudiante\AppData\Local\Programs\MiKTeX\tex/generic/babel\babel.st
y
Package: babel 2025/12/11 v25.17 The multilingual framework for LuaLaTeX, pdfLa
TeX and XeLaTeX
\babel@savecnt=\count284
LaTeX Encoding Info:    Redeclaring text command \ij (encoding OT1) on input li
ne 2068.
LaTeX Encoding Info:    Redeclaring text command \IJ (encoding OT1) on input li
ne 2070.
LaTeX Encoding Info:    Redeclaring text command \ij (encoding T1) on input lin
e 2072.
LaTeX Encoding Info:    Redeclaring text command \IJ (encoding T1) on input lin
e 2073.
LaTeX Encoding Info:    Ignoring declaration for text command \ij (encoding ?) 
on input line 2074.
LaTeX Encoding Info:    Ignoring declaration for text command \IJ (encoding ?) 
on input line 2076.
LaTeX Encoding Info:    Ignoring declaration for text command \SS (encoding ?) 
on input line 2101.
\U@D=\dimen149
\l@unhyphenated=\language79

(C:\Users\Estudiante\AppData\Local\Programs\MiKTeX\tex/generic/babel\txtbabel.d
ef)
\bbl@readstream=\read2
\bbl@dirlevel=\count285
Package babel Info: Configuration files are deprecated, as
(babel)             they can break document portability.
(babel)             Reported on input line 4196.

*************************************
* Local config file bblopts.cfg used
*
(C:\Users\Estudiante\AppData\Local\Programs\MiKTeX\tex/latex/arabi\bblopts.cfg
File: bblopts.cfg 2005/09/08 v0.1 add Arabic and Farsi to "declared" options of
 babel
)
(C:\Users\Estudiante\AppData\Local\Programs\MiKTeX\tex/generic/babel/locale/es\
babel-spanish.tex)
Package babel Info: Importing font and identification data for spanish
(babel)             from babel-es.ini. Reported on input line 4320.

(C:\Users\Estudiante\AppData\Local\Programs\MiKTeX\tex/latex/babel-spanish\span
ish.ldf
Language: spanish.ldf 2021/05/27 v5.0q Spanish support from the babel system
\es@quottoks=\toks19
\es@quotdepth=\count286
Package babel Info: Making " an active character on input line 570.
Package babel Info: Making . an active character on input line 675.
Package babel Info: Making < an active character on input line 722.
Package babel Info: Making > an active character on input line 722.
))
LaTeX Encoding Info:    Redeclaring text command \guillemotleft (encoding OT1) 
on input line 10.
LaTeX Encoding Info:    Redeclaring text command \guillemotright (encoding OT1)
 on input line 10.

(C:\Users\Estudiante\AppData\Local\Programs\MiKTeX\tex/latex/amsmath\amsmath.st
y
Package: amsmath 2025/07/09 v2.17z AMS math features
\@mathmargin=\skip51

For additional information on amsmath, use the `?' option.

(C:\Users\Estudiante\AppData\Local\Programs\MiKTeX\tex/latex/amsmath\amstext.st
y
Package: amstext 2024/11/17 v2.01 AMS text

(C:\Users\Estudiante\AppData\Local\Programs\MiKTeX\tex/latex/amsmath\amsgen.sty
File: amsgen.sty 1999/11/30 v2.0 generic functions
\@emptytoks=\toks20
\ex@=\dimen150
))
(C:\Users\Estudiante\AppData\Local\Programs\MiKTeX\tex/latex/amsmath\amsbsy.sty
Package: amsbsy 1999/11/29 v1.2d Bold Symbols
\pmbraise@=\dimen151
)
(C:\Users\Estudiante\AppData\Local\Programs\MiKTeX\tex/latex/amsmath\amsopn.sty
Package: amsopn 2022/04/08 v2.04 operator names
)
\inf@bad=\count287
LaTeX Info: Redefining \frac on input line 233.
\uproot@=\count288
\leftroot@=\count289
LaTeX Info: Redefining \overline on input line 398.
LaTeX Info: Redefining \colon on input line 409.
\classnum@=\count290
\DOTSCASE@=\count291
LaTeX Info: Redefining \ldots on input line 495.
LaTeX Info: Redefining \dots on input line 498.
LaTeX Info: Redefining \cdots on input line 619.
\Mathstrutbox@=\box53
\strutbox@=\box54
LaTeX Info: Redefining \big on input line 721.
LaTeX Info: Redefining \Big on input line 722.
LaTeX Info: Redefining \bigg on input line 723.
LaTeX Info: Redefining \Bigg on input line 724.
\big@size=\dimen152
LaTeX Font Info:    Redeclaring font encoding OML on input line 742.
LaTeX Font Info:    Redeclaring font encoding OMS on input line 743.
\macc@depth=\count292
LaTeX Info: Redefining \bmod on input line 904.
LaTeX Info: Redefining \pmod on input line 909.
LaTeX Info: Redefining \smash on input line 939.
LaTeX Info: Redefining \relbar on input line 969.
LaTeX Info: Redefining \Relbar on input line 970.
\c@MaxMatrixCols=\count293
\dotsspace@=\muskip17
\c@parentequation=\count294
\dspbrk@lvl=\count295
\tag@help=\toks21
\row@=\count296
\column@=\count297
\maxfields@=\count298
\andhelp@=\toks22
\eqnshift@=\dimen153
\alignsep@=\dimen154
\tagshift@=\dimen155
\tagwidth@=\dimen156
\totwidth@=\dimen157
\lineht@=\dimen158
\@envbody=\toks23
\multlinegap=\skip52
\multlinetaggap=\skip53
\mathdisplay@stack=\toks24
LaTeX Info: Redefining \[ on input line 2950.
LaTeX Info: Redefining \] on input line 2951.
)
(C:\Users\Estudiante\AppData\Local\Programs\MiKTeX\tex/latex/amsfonts\amssymb.s
ty
Package: amssymb 2013/01/14 v3.01 AMS font symbols

(C:\Users\Estudiante\AppData\Local\Programs\MiKTeX\tex/latex/amsfonts\amsfonts.
sty
Package: amsfonts 2013/01/14 v3.01 Basic AMSFonts support
\symAMSa=\mathgroup4
\symAMSb=\mathgroup5
LaTeX Font Info:    Redeclaring math symbol \hbar on input line 98.
LaTeX Font Info:    Overwriting math alphabet `\mathfrak' in version `bold'
(Font)                  U/euf/m/n --> U/euf/b/n on input line 106.
))
(C:\Users\Estudiante\AppData\Local\Programs\MiKTeX\tex/latex/newtx\newtxtext.st
y
Package: newtxtext 2024/04/01 v1.744(Michael Sharpe) latex and unicode latex su
pport for TeXGyreTermesX

`newtxtext' v1.744, 2024/04/01 Text macros taking advantage of TeXGyre Termes a
nd its extensions (msharpe)
(C:\Users\Estudiante\AppData\Local\Programs\MiKTeX\tex/latex/xpatch\xpatch.sty
(C:\Users\Estudiante\AppData\Local\Programs\MiKTeX\tex/latex/l3kernel\expl3.sty
Package: expl3 2025-12-24 L3 programming layer (loader) 

(C:\Users\Estudiante\AppData\Local\Programs\MiKTeX\tex/latex/l3backend\l3backen
d-pdftex.def
File: l3backend-pdftex.def 2025-10-09 L3 backend support: PDF output (pdfTeX)
\l__color_backend_stack_int=\count299
))
Package: xpatch 2020/03/25 v0.3a Extending etoolbox patching commands

(C:\Users\Estudiante\AppData\Local\Programs\MiKTeX\tex/latex/l3packages/xparse\
xparse.sty
Package: xparse 2025-10-09 L3 Experimental document command parser
)
(C:\Users\Estudiante\AppData\Local\Programs\MiKTeX\tex/latex/etoolbox\etoolbox.
sty
Package: etoolbox 2025/10/02 v2.5m e-TeX tools for LaTeX (JAW)
\etb@tempcnta=\count300
))
(C:\Users\Estudiante\AppData\Local\Programs\MiKTeX\tex/latex/xcolor\xcolor.sty
Package: xcolor 2024/09/29 v3.02 LaTeX color extensions (UK)

(C:\Users\Estudiante\AppData\Local\Programs\MiKTeX\tex/latex/graphics-cfg\color
.cfg
File: color.cfg 2016/01/02 v1.6 sample color configuration
)
Package xcolor Info: Driver file: pdftex.def on input line 274.

(C:\Users\Estudiante\AppData\Local\Programs\MiKTeX\tex/latex/graphics-def\pdfte
x.def
File: pdftex.def 2025/09/29 v1.2d Graphics/color driver for pdftex
)
(C:\Users\Estudiante\AppData\Local\Programs\MiKTeX\tex/latex/graphics\mathcolor
.ltx)
Package xcolor Info: Model `cmy' substituted by `cmy0' on input line 1349.
Package xcolor Info: Model `hsb' substituted by `rgb' on input line 1353.
Package xcolor Info: Model `RGB' extended on input line 1365.
Package xcolor Info: Model `HTML' substituted by `rgb' on input line 1367.
Package xcolor Info: Model `Hsb' substituted by `hsb' on input line 1368.
Package xcolor Info: Model `tHsb' substituted by `hsb' on input line 1369.
Package xcolor Info: Model `HSB' substituted by `hsb' on input line 1370.
Package xcolor Info: Model `Gray' substituted by `gray' on input line 1371.
Package xcolor Info: Model `wave' substituted by `hsb' on input line 1372.
)
(C:\Users\Estudiante\AppData\Local\Programs\MiKTeX\tex/generic/iftex\iftex.sty
Package: iftex 2024/12/12 v1.0g TeX engine tests
)
(C:\Users\Estudiante\AppData\Local\Programs\MiKTeX\tex/latex/xkeyval\xkeyval.st
y
Package: xkeyval 2022/06/16 v2.9 package option processing (HA)

(C:\Users\Estudiante\AppData\Local\Programs\MiKTeX\tex/generic/xkeyval\xkeyval.
tex
(C:\Users\Estudiante\AppData\Local\Programs\MiKTeX\tex/generic/xkeyval\xkvutils
.tex
\XKV@toks=\toks25
\XKV@tempa@toks=\toks26

(C:\Users\Estudiante\AppData\Local\Programs\MiKTeX\tex/generic/xkeyval\keyval.t
ex))
\XKV@depth=\count301
File: xkeyval.tex 2014/12/03 v2.7a key=value parser (HA)
))
(C:\Users\Estudiante\AppData\Local\Programs\MiKTeX\tex/latex/base\textcomp.sty
Package: textcomp 2024/04/24 v2.1b Standard LaTeX package
)
(C:\Users\Estudiante\AppData\Local\Programs\MiKTeX\tex/latex/xstring\xstring.st
y
(C:\Users\Estudiante\AppData\Local\Programs\MiKTeX\tex/generic/xstring\xstring.
tex
\xs_counta=\count302
\xs_countb=\count303
)
Package: xstring 2023/08/22 v1.86 String manipulations (CT)
)
(C:\Users\Estudiante\AppData\Local\Programs\MiKTeX\tex/latex/base\ifthen.sty
Package: ifthen 2024/03/16 v1.1e Standard LaTeX ifthen package (DPC)
)
(C:\Users\Estudiante\AppData\Local\Programs\MiKTeX\tex/latex/carlisle\scalefnt.
sty)
LaTeX Font Info:    Setting ntxLF sub-encoding to TS1/0 on input line 24.
LaTeX Font Info:    Setting ntxTLF sub-encoding to TS1/0 on input line 24.
LaTeX Font Info:    Setting ntxOsF sub-encoding to TS1/0 on input line 24.
LaTeX Font Info:    Setting ntxTOsF sub-encoding to TS1/0 on input line 24.

(C:\Users\Estudiante\AppData\Local\Programs\MiKTeX\tex/generic/binhex\binhex.te
x)
\ntx@tmpcnta=\count304
\ntx@cnt=\count305

(C:\Users\Estudiante\AppData\Local\Programs\MiKTeX\tex/latex/fontaxes\fontaxes.
sty
Package: fontaxes 2026-01-02 v2.0.2 Font selection axes (deprecated)
Applying: [2024-11-01] Use figureversions if present on input line 74.

(C:\Users\Estudiante\AppData\Local\Programs\MiKTeX\tex/latex/figureversions\fig
ureversions.sty
Package: figureversions 2025-04-29 v1.0.1 Figure versions
)
Already applied: [0000-00-00] Fall back to v1 on input line 76.
)
\tx@sixem=\dimen159
\tx@y=\dimen160
\tx@x=\dimen161
\tx@tmpdima=\dimen162
\tx@tmpdimb=\dimen163
\tx@tmpdimc=\dimen164
\tx@tmpdimd=\dimen165
\tx@tmpdime=\dimen166
\tx@tmpdimf=\dimen167
\tx@dimA=\dimen168
\tx@dimAA=\dimen169
\tx@dimB=\dimen170
\tx@dimBB=\dimen171
\tx@dimC=\dimen172
LaTeX Info: Redefining \oldstylenums on input line 902.
)
(C:\Users\Estudiante\AppData\Local\Programs\MiKTeX\tex/latex/newtx\newtxmath.st
y
Package: newtxmath 2024/09/22 v1.754

`newtxmath' v1.754, 2024/09/22 Math macros based originally on txfonts (msharpe
)
(C:\Users\Estudiante\AppData\Local\Programs\MiKTeX\tex/latex/oberdiek\centernot
.sty
Package: centernot 2016/05/16 v1.4 Centers the not symbol horizontally (HO)
)
\tx@cntz=\count306

(C:\Users\Estudiante\AppData\Local\Programs\MiKTeX\tex/generic/binhex\binhex.te
x)
\tx@Isdigit=\count307
\tx@IsAlNum=\count308
\tx@tA=\toks27
\tx@tB=\toks28
\tx@su=\read3

amsthm NOT loaded
LaTeX Font Info:    Redeclaring symbol font `operators' on input line 402.
LaTeX Font Info:    Overwriting symbol font `operators' in version `normal'
(Font)                  OT1/cmr/m/n --> OT1/minntx/m/n on input line 402.
LaTeX Font Info:    Overwriting symbol font `operators' in version `bold'
(Font)                  OT1/cmr/bx/n --> OT1/minntx/m/n on input line 402.
LaTeX Font Info:    Overwriting symbol font `operators' in version `bold'
(Font)                  OT1/minntx/m/n --> OT1/minntx/b/n on input line 403.
LaTeX Font Info:    Redeclaring math alphabet \mathsf on input line 410.
LaTeX Font Info:    Overwriting math alphabet `\mathsf' in version `normal'
(Font)                  OT1/cmss/m/n --> OT1/qhv/m/n on input line 410.
LaTeX Font Info:    Overwriting math alphabet `\mathsf' in version `bold'
(Font)                  OT1/cmss/bx/n --> OT1/qhv/m/n on input line 410.
LaTeX Font Info:    Overwriting math alphabet `\mathsf' in version `bold'
(Font)                  OT1/qhv/m/n --> OT1/qhv/b/n on input line 412.
LaTeX Font Info:    Redeclaring math alphabet \mathit on input line 419.
LaTeX Font Info:    Overwriting math alphabet `\mathit' in version `normal'
(Font)                  OT1/cmr/m/it --> OT1/minntx/m/it on input line 419.
LaTeX Font Info:    Overwriting math alphabet `\mathit' in version `bold'
(Font)                  OT1/cmr/bx/it --> OT1/minntx/m/it on input line 419.
LaTeX Font Info:    Redeclaring math alphabet \mathtt on input line 420.
LaTeX Font Info:    Overwriting math alphabet `\mathtt' in version `normal'
(Font)                  OT1/cmtt/m/n --> T1/ntxtt/m/n on input line 420.
LaTeX Font Info:    Overwriting math alphabet `\mathtt' in version `bold'
(Font)                  OT1/cmtt/m/n --> T1/ntxtt/m/n on input line 420.
LaTeX Font Info:    Redeclaring math alphabet \mathbf on input line 422.
LaTeX Font Info:    Overwriting math alphabet `\mathbf' in version `normal'
(Font)                  OT1/cmr/bx/n --> OT1/minntx/b/n on input line 422.
LaTeX Font Info:    Overwriting math alphabet `\mathbf' in version `bold'
(Font)                  OT1/cmr/bx/n --> OT1/minntx/b/n on input line 422.
LaTeX Font Info:    Overwriting math alphabet `\mathit' in version `bold'
(Font)                  OT1/minntx/m/it --> OT1/minntx/b/it on input line 423.
LaTeX Font Info:    Overwriting math alphabet `\mathtt' in version `bold'
(Font)                  T1/ntxtt/m/n --> T1/ntxtt/b/n on input line 426.
LaTeX Font Info:    Redeclaring symbol font `letters' on input line 534.
LaTeX Font Info:    Overwriting symbol font `letters' in version `normal'
(Font)                  OML/cmm/m/it --> OML/ntxmi/m/it on input line 534.
LaTeX Font Info:    Overwriting symbol font `letters' in version `bold'
(Font)                  OML/cmm/b/it --> OML/ntxmi/m/it on input line 534.
LaTeX Font Info:    Overwriting symbol font `letters' in version `bold'
(Font)                  OML/ntxmi/m/it --> OML/ntxmi/b/it on input line 535.
\symlettersA=\mathgroup6
LaTeX Font Info:    Overwriting symbol font `lettersA' in version `bold'
(Font)                  U/ntxmia/m/it --> U/ntxmia/b/it on input line 582.
LaTeX Font Info:    Redeclaring math alphabet \mathfrak on input line 584.
Now handling font encoding LMS ...
... no UTF-8 mapping file for font encoding LMS
LaTeX Font Info:    Redeclaring symbol font `symbols' on input line 604.
LaTeX Font Info:    Encoding `OMS' has changed to `LMS' for symbol font
(Font)              `symbols' in the math version `normal' on input line 604.
LaTeX Font Info:    Overwriting symbol font `symbols' in version `normal'
(Font)                  OMS/cmsy/m/n --> LMS/ntxsy/m/n on input line 604.
LaTeX Font Info:    Encoding `OMS' has changed to `LMS' for symbol font
(Font)              `symbols' in the math version `bold' on input line 604.
LaTeX Font Info:    Overwriting symbol font `symbols' in version `bold'
(Font)                  OMS/cmsy/b/n --> LMS/ntxsy/m/n on input line 604.
LaTeX Font Info:    Overwriting symbol font `symbols' in version `bold'
(Font)                  LMS/ntxsy/m/n --> LMS/ntxsy/b/n on input line 605.
\symAMSm=\mathgroup7
LaTeX Font Info:    Overwriting symbol font `AMSm' in version `bold'
(Font)                  U/ntxsym/m/n --> U/ntxsym/b/n on input line 630.
\symsymbolsC=\mathgroup8
LaTeX Font Info:    Overwriting symbol font `symbolsC' in version `bold'
(Font)                  U/ntxsyc/m/n --> U/ntxsyc/b/n on input line 651.
Now handling font encoding LMX ...
... no UTF-8 mapping file for font encoding LMX
LaTeX Font Info:    Redeclaring symbol font `largesymbols' on input line 664.
LaTeX Font Info:    Encoding `OMX' has changed to `LMX' for symbol font
(Font)              `largesymbols' in the math version `normal' on input line 6
64.
LaTeX Font Info:    Overwriting symbol font `largesymbols' in version `normal'
(Font)                  OMX/cmex/m/n --> LMX/ntxexx/m/n on input line 664.
LaTeX Font Info:    Encoding `OMX' has changed to `LMX' for symbol font
(Font)              `largesymbols' in the math version `bold' on input line 664
.
LaTeX Font Info:    Overwriting symbol font `largesymbols' in version `bold'
(Font)                  OMX/cmex/m/n --> LMX/ntxexx/m/n on input line 664.
LaTeX Font Info:    Overwriting symbol font `largesymbols' in version `bold'
(Font)                  LMX/ntxexx/m/n --> LMX/ntxexx/b/n on input line 665.
\symlargesymbolsTXA=\mathgroup9
LaTeX Font Info:    Overwriting symbol font `largesymbolsTXA' in version `bold'

(Font)                  U/ntxexa/m/n --> U/ntxexa/b/n on input line 679.
\tx@sbptoks=\toks29
LaTeX Font Info:    Redeclaring math delimiter \lfloor on input line 902.
LaTeX Font Info:    Redeclaring math delimiter \rfloor on input line 903.
LaTeX Font Info:    Redeclaring math delimiter \lceil on input line 904.
LaTeX Font Info:    Redeclaring math delimiter \rceil on input line 905.
LaTeX Font Info:    Redeclaring math delimiter \lbrace on input line 910.
LaTeX Font Info:    Redeclaring math delimiter \rbrace on input line 911.
LaTeX Font Info:    Redeclaring math delimiter \langle on input line 913.
LaTeX Font Info:    Redeclaring math delimiter \rangle on input line 915.
LaTeX Font Info:    Redeclaring math delimiter \arrowvert on input line 919.
LaTeX Font Info:    Redeclaring math delimiter \vert on input line 920.
LaTeX Font Info:    Redeclaring math accent \dot on input line 991.
LaTeX Font Info:    Redeclaring math accent \ddot on input line 992.
LaTeX Font Info:    Redeclaring math accent \vec on input line 2057.
LaTeX Info: Redefining \Bbbk on input line 2847.
LaTeX Info: Redefining \not on input line 2995.
)
(C:\Users\Estudiante\AppData\Local\Programs\MiKTeX\tex/latex/setspace\setspace.
sty
Package: setspace 2022/12/04 v6.7b set line spacing
)
(C:\Users\Estudiante\AppData\Local\Programs\MiKTeX\tex/latex/parskip\parskip.st
y
Package: parskip 2021-03-14 v2.0h non-zero parskip adjustments

(C:\Users\Estudiante\AppData\Local\Programs\MiKTeX\tex/latex/kvoptions\kvoption
s.sty
Package: kvoptions 2022-06-15 v3.15 Key value format for package options (HO)

(C:\Users\Estudiante\AppData\Local\Programs\MiKTeX\tex/generic/ltxcmds\ltxcmds.
sty
Package: ltxcmds 2023-12-04 v1.26 LaTeX kernel commands for general use (HO)
)
(C:\Users\Estudiante\AppData\Local\Programs\MiKTeX\tex/latex/kvsetkeys\kvsetkey
s.sty
Package: kvsetkeys 2022-10-05 v1.19 Key value parser (HO)
)))
(C:\Users\Estudiante\AppData\Local\Programs\MiKTeX\tex/latex/microtype\microtyp
e.sty
Package: microtype 2026/03/01 v3.2d Micro-typographical refinements (RS)
\MT@toks=\toks30
\MT@tempbox=\box55
\MT@count=\count309
LaTeX Info: Redefining \noprotrusionifhmode on input line 1084.
LaTeX Info: Redefining \leftprotrusion on input line 1085.
\MT@prot@toks=\toks31
LaTeX Info: Redefining \rightprotrusion on input line 1104.
LaTeX Info: Redefining \textls on input line 1449.
\MT@outer@kern=\dimen173
LaTeX Info: Redefining \microtypecontext on input line 2053.
LaTeX Info: Redefining \textmicrotypecontext on input line 2070.
\MT@listname@count=\count310

(C:\Users\Estudiante\AppData\Local\Programs\MiKTeX\tex/latex/microtype\microtyp
e-pdftex.def
File: microtype-pdftex.def 2026/03/01 v3.2d Definitions specific to pdftex (RS)

LaTeX Info: Redefining \lsstyle on input line 944.
LaTeX Info: Redefining \lslig on input line 944.
\MT@outer@space=\skip54
)
Package microtype Info: Loading configuration file microtype.cfg.

(C:\Users\Estudiante\AppData\Local\Programs\MiKTeX\tex/latex/microtype\microtyp
e.cfg
File: microtype.cfg 2026/03/01 v3.2d microtype main configuration file (RS)
)
LaTeX Info: Redefining \microtypesetup on input line 3065.
)
(C:\Users\Estudiante\AppData\Local\Programs\MiKTeX\tex/latex/colortbl\colortbl.
sty
Package: colortbl 2024/10/29 v1.0k Color table columns (DPC)

(C:\Users\Estudiante\AppData\Local\Programs\MiKTeX\tex/latex/tools\array.sty
Package: array 2025/09/25 v2.6n Tabular extension package (FMi)
\col@sep=\dimen174
\ar@mcellbox=\box56
\extrarowheight=\dimen175
\NC@list=\toks32
\extratabsurround=\skip55
\backup@length=\skip56
\ar@cellbox=\box57
)
\everycr=\toks33
\minrowclearance=\skip57
\rownum=\count311
)

LaTeX Warning: Package "xcolor" has already been loaded: ignoring load-time
(LaTeX)        option "xcdraw".


(C:\Users\Estudiante\AppData\Local\Programs\MiKTeX\tex/latex/graphics\graphicx.
sty
Package: graphicx 2024/12/31 v1.2e Enhanced LaTeX Graphics (DPC,SPQR)

(C:\Users\Estudiante\AppData\Local\Programs\MiKTeX\tex/latex/graphics\graphics.
sty
Package: graphics 2024/08/06 v1.4g Standard LaTeX Graphics (DPC,SPQR)

(C:\Users\Estudiante\AppData\Local\Programs\MiKTeX\tex/latex/graphics\trig.sty
Package: trig 2023/12/02 v1.11 sin cos tan (DPC)
)
(C:\Users\Estudiante\AppData\Local\Programs\MiKTeX\tex/latex/graphics-cfg\graph
ics.cfg
File: graphics.cfg 2016/06/04 v1.11 sample graphics configuration
)
Package graphics Info: Driver file: pdftex.def on input line 106.
)
\Gin@req@height=\dimen176
\Gin@req@width=\dimen177
)
(C:\Users\Estudiante\AppData\Local\Programs\MiKTeX\tex/latex/pgf/frontendlayer\
tikz.sty
(C:\Users\Estudiante\AppData\Local\Programs\MiKTeX\tex/latex/pgf/basiclayer\pgf
.sty
(C:\Users\Estudiante\AppData\Local\Programs\MiKTeX\tex/latex/pgf/utilities\pgfr
cs.sty
(C:\Users\Estudiante\AppData\Local\Programs\MiKTeX\tex/generic/pgf/utilities\pg
futil-common.tex
\pgfutil@everybye=\toks34
\pgfutil@tempdima=\dimen178
\pgfutil@tempdimb=\dimen179
)
(C:\Users\Estudiante\AppData\Local\Programs\MiKTeX\tex/generic/pgf/utilities\pg
futil-latex.def
\pgfutil@abb=\box58
)
(C:\Users\Estudiante\AppData\Local\Programs\MiKTeX\tex/generic/pgf/utilities\pg
frcs.code.tex
(C:\Users\Estudiante\AppData\Local\Programs\MiKTeX\tex/generic/pgf\pgf.revision
.tex)
Package: pgfrcs 2025-08-29 v3.1.11a (3.1.11a)
))
Package: pgf 2025-08-29 v3.1.11a (3.1.11a)

(C:\Users\Estudiante\AppData\Local\Programs\MiKTeX\tex/latex/pgf/basiclayer\pgf
core.sty
(C:\Users\Estudiante\AppData\Local\Programs\MiKTeX\tex/latex/pgf/systemlayer\pg
fsys.sty
(C:\Users\Estudiante\AppData\Local\Programs\MiKTeX\tex/generic/pgf/systemlayer\
pgfsys.code.tex
Package: pgfsys 2025-08-29 v3.1.11a (3.1.11a)

(C:\Users\Estudiante\AppData\Local\Programs\MiKTeX\tex/generic/pgf/utilities\pg
fkeys.code.tex
\pgfkeys@pathtoks=\toks35
\pgfkeys@temptoks=\toks36

(C:\Users\Estudiante\AppData\Local\Programs\MiKTeX\tex/generic/pgf/utilities\pg
fkeyslibraryfiltered.code.tex
\pgfkeys@tmptoks=\toks37
))
\pgf@x=\dimen180
\pgf@y=\dimen181
\pgf@xa=\dimen182
\pgf@ya=\dimen183
\pgf@xb=\dimen184
\pgf@yb=\dimen185
\pgf@xc=\dimen186
\pgf@yc=\dimen187
\pgf@xd=\dimen188
\pgf@yd=\dimen189
\w@pgf@writea=\write3
\r@pgf@reada=\read4
\c@pgf@counta=\count312
\c@pgf@countb=\count313
\c@pgf@countc=\count314
\c@pgf@countd=\count315
\t@pgf@toka=\toks38
\t@pgf@tokb=\toks39
\t@pgf@tokc=\toks40
\pgf@sys@id@count=\count316

(C:\Users\Estudiante\AppData\Local\Programs\MiKTeX\tex/generic/pgf/systemlayer\
pgf.cfg
File: pgf.cfg 2025-08-29 v3.1.11a (3.1.11a)
)
Driver file for pgf: pgfsys-pdftex.def

(C:\Users\Estudiante\AppData\Local\Programs\MiKTeX\tex/generic/pgf/systemlayer\
pgfsys-pdftex.def
File: pgfsys-pdftex.def 2025-08-29 v3.1.11a (3.1.11a)

(C:\Users\Estudiante\AppData\Local\Programs\MiKTeX\tex/generic/pgf/systemlayer\
pgfsys-common-pdf.def
File: pgfsys-common-pdf.def 2025-08-29 v3.1.11a (3.1.11a)
)))
(C:\Users\Estudiante\AppData\Local\Programs\MiKTeX\tex/generic/pgf/systemlayer\
pgfsyssoftpath.code.tex
File: pgfsyssoftpath.code.tex 2025-08-29 v3.1.11a (3.1.11a)
\pgfsyssoftpath@smallbuffer@items=\count317
\pgfsyssoftpath@bigbuffer@items=\count318
)
(C:\Users\Estudiante\AppData\Local\Programs\MiKTeX\tex/generic/pgf/systemlayer\
pgfsysprotocol.code.tex
File: pgfsysprotocol.code.tex 2025-08-29 v3.1.11a (3.1.11a)
))
(C:\Users\Estudiante\AppData\Local\Programs\MiKTeX\tex/generic/pgf/basiclayer\p
gfcore.code.tex
Package: pgfcore 2025-08-29 v3.1.11a (3.1.11a)

(C:\Users\Estudiante\AppData\Local\Programs\MiKTeX\tex/generic/pgf/math\pgfmath
.code.tex
(C:\Users\Estudiante\AppData\Local\Programs\MiKTeX\tex/generic/pgf/math\pgfmath
util.code.tex)
(C:\Users\Estudiante\AppData\Local\Programs\MiKTeX\tex/generic/pgf/math\pgfmath
parser.code.tex
\pgfmath@dimen=\dimen190
\pgfmath@count=\count319
\pgfmath@box=\box59
\pgfmath@toks=\toks41
\pgfmath@stack@operand=\toks42
\pgfmath@stack@operation=\toks43
)
(C:\Users\Estudiante\AppData\Local\Programs\MiKTeX\tex/generic/pgf/math\pgfmath
functions.code.tex)
(C:\Users\Estudiante\AppData\Local\Programs\MiKTeX\tex/generic/pgf/math\pgfmath
functions.basic.code.tex)
(C:\Users\Estudiante\AppData\Local\Programs\MiKTeX\tex/generic/pgf/math\pgfmath
functions.trigonometric.code.tex)
(C:\Users\Estudiante\AppData\Local\Programs\MiKTeX\tex/generic/pgf/math\pgfmath
functions.random.code.tex)
(C:\Users\Estudiante\AppData\Local\Programs\MiKTeX\tex/generic/pgf/math\pgfmath
functions.comparison.code.tex)
(C:\Users\Estudiante\AppData\Local\Programs\MiKTeX\tex/generic/pgf/math\pgfmath
functions.base.code.tex)
(C:\Users\Estudiante\AppData\Local\Programs\MiKTeX\tex/generic/pgf/math\pgfmath
functions.round.code.tex)
(C:\Users\Estudiante\AppData\Local\Programs\MiKTeX\tex/generic/pgf/math\pgfmath
functions.misc.code.tex)
(C:\Users\Estudiante\AppData\Local\Programs\MiKTeX\tex/generic/pgf/math\pgfmath
functions.integerarithmetics.code.tex)
(C:\Users\Estudiante\AppData\Local\Programs\MiKTeX\tex/generic/pgf/math\pgfmath
calc.code.tex)
(C:\Users\Estudiante\AppData\Local\Programs\MiKTeX\tex/generic/pgf/math\pgfmath
float.code.tex
\c@pgfmathroundto@lastzeros=\count320
))
(C:\Users\Estudiante\AppData\Local\Programs\MiKTeX\tex/generic/pgf/math\pgfint.
code.tex)
(C:\Users\Estudiante\AppData\Local\Programs\MiKTeX\tex/generic/pgf/basiclayer\p
gfcorepoints.code.tex
File: pgfcorepoints.code.tex 2025-08-29 v3.1.11a (3.1.11a)
\pgf@picminx=\dimen191
\pgf@picmaxx=\dimen192
\pgf@picminy=\dimen193
\pgf@picmaxy=\dimen194
\pgf@pathminx=\dimen195
\pgf@pathmaxx=\dimen196
\pgf@pathminy=\dimen197
\pgf@pathmaxy=\dimen198
\pgf@xx=\dimen199
\pgf@xy=\dimen256
\pgf@yx=\dimen257
\pgf@yy=\dimen258
\pgf@zx=\dimen259
\pgf@zy=\dimen260
)
(C:\Users\Estudiante\AppData\Local\Programs\MiKTeX\tex/generic/pgf/basiclayer\p
gfcorepathconstruct.code.tex
File: pgfcorepathconstruct.code.tex 2025-08-29 v3.1.11a (3.1.11a)
\pgf@path@lastx=\dimen261
\pgf@path@lasty=\dimen262
)
(C:\Users\Estudiante\AppData\Local\Programs\MiKTeX\tex/generic/pgf/basiclayer\p
gfcorepathusage.code.tex
File: pgfcorepathusage.code.tex 2025-08-29 v3.1.11a (3.1.11a)
\pgf@shorten@end@additional=\dimen263
\pgf@shorten@start@additional=\dimen264
)
(C:\Users\Estudiante\AppData\Local\Programs\MiKTeX\tex/generic/pgf/basiclayer\p
gfcorescopes.code.tex
File: pgfcorescopes.code.tex 2025-08-29 v3.1.11a (3.1.11a)
\pgfpic=\box60
\pgf@hbox=\box61
\pgf@layerbox@main=\box62
\pgf@picture@serial@count=\count321
)
(C:\Users\Estudiante\AppData\Local\Programs\MiKTeX\tex/generic/pgf/basiclayer\p
gfcoregraphicstate.code.tex
File: pgfcoregraphicstate.code.tex 2025-08-29 v3.1.11a (3.1.11a)
\pgflinewidth=\dimen265
)
(C:\Users\Estudiante\AppData\Local\Programs\MiKTeX\tex/generic/pgf/basiclayer\p
gfcoretransformations.code.tex
File: pgfcoretransformations.code.tex 2025-08-29 v3.1.11a (3.1.11a)
\pgf@pt@x=\dimen266
\pgf@pt@y=\dimen267
\pgf@pt@temp=\dimen268
)
(C:\Users\Estudiante\AppData\Local\Programs\MiKTeX\tex/generic/pgf/basiclayer\p
gfcorequick.code.tex
File: pgfcorequick.code.tex 2025-08-29 v3.1.11a (3.1.11a)
)
(C:\Users\Estudiante\AppData\Local\Programs\MiKTeX\tex/generic/pgf/basiclayer\p
gfcoreobjects.code.tex
File: pgfcoreobjects.code.tex 2025-08-29 v3.1.11a (3.1.11a)
)
(C:\Users\Estudiante\AppData\Local\Programs\MiKTeX\tex/generic/pgf/basiclayer\p
gfcorepathprocessing.code.tex
File: pgfcorepathprocessing.code.tex 2025-08-29 v3.1.11a (3.1.11a)
)
(C:\Users\Estudiante\AppData\Local\Programs\MiKTeX\tex/generic/pgf/basiclayer\p
gfcorearrows.code.tex
File: pgfcorearrows.code.tex 2025-08-29 v3.1.11a (3.1.11a)
\pgfarrowsep=\dimen269
)
(C:\Users\Estudiante\AppData\Local\Programs\MiKTeX\tex/generic/pgf/basiclayer\p
gfcoreshade.code.tex
File: pgfcoreshade.code.tex 2025-08-29 v3.1.11a (3.1.11a)
\pgf@max=\dimen270
\pgf@sys@shading@range@num=\count322
\pgf@shadingcount=\count323
)
(C:\Users\Estudiante\AppData\Local\Programs\MiKTeX\tex/generic/pgf/basiclayer\p
gfcoreimage.code.tex
File: pgfcoreimage.code.tex 2025-08-29 v3.1.11a (3.1.11a)
)
(C:\Users\Estudiante\AppData\Local\Programs\MiKTeX\tex/generic/pgf/basiclayer\p
gfcoreexternal.code.tex
File: pgfcoreexternal.code.tex 2025-08-29 v3.1.11a (3.1.11a)
\pgfexternal@startupbox=\box63
)
(C:\Users\Estudiante\AppData\Local\Programs\MiKTeX\tex/generic/pgf/basiclayer\p
gfcorelayers.code.tex
File: pgfcorelayers.code.tex 2025-08-29 v3.1.11a (3.1.11a)
)
(C:\Users\Estudiante\AppData\Local\Programs\MiKTeX\tex/generic/pgf/basiclayer\p
gfcoretransparency.code.tex
File: pgfcoretransparency.code.tex 2025-08-29 v3.1.11a (3.1.11a)
)
(C:\Users\Estudiante\AppData\Local\Programs\MiKTeX\tex/generic/pgf/basiclayer\p
gfcorepatterns.code.tex
File: pgfcorepatterns.code.tex 2025-08-29 v3.1.11a (3.1.11a)
)
(C:\Users\Estudiante\AppData\Local\Programs\MiKTeX\tex/generic/pgf/basiclayer\p
gfcorerdf.code.tex
File: pgfcorerdf.code.tex 2025-08-29 v3.1.11a (3.1.11a)
)))
(C:\Users\Estudiante\AppData\Local\Programs\MiKTeX\tex/generic/pgf/modules\pgfm
oduleshapes.code.tex
File: pgfmoduleshapes.code.tex 2025-08-29 v3.1.11a (3.1.11a)
\pgfnodeparttextbox=\box64
)
(C:\Users\Estudiante\AppData\Local\Programs\MiKTeX\tex/generic/pgf/modules\pgfm
oduleplot.code.tex
File: pgfmoduleplot.code.tex 2025-08-29 v3.1.11a (3.1.11a)
)
(C:\Users\Estudiante\AppData\Local\Programs\MiKTeX\tex/latex/pgf/compatibility\
pgfcomp-version-0-65.sty
Package: pgfcomp-version-0-65 2025-08-29 v3.1.11a (3.1.11a)
\pgf@nodesepstart=\dimen271
\pgf@nodesepend=\dimen272
)
(C:\Users\Estudiante\AppData\Local\Programs\MiKTeX\tex/latex/pgf/compatibility\
pgfcomp-version-1-18.sty
Package: pgfcomp-version-1-18 2025-08-29 v3.1.11a (3.1.11a)
))
(C:\Users\Estudiante\AppData\Local\Programs\MiKTeX\tex/latex/pgf/utilities\pgff
or.sty
(C:\Users\Estudiante\AppData\Local\Programs\MiKTeX\tex/latex/pgf/utilities\pgfk
eys.sty
(C:\Users\Estudiante\AppData\Local\Programs\MiKTeX\tex/generic/pgf/utilities\pg
fkeys.code.tex))
(C:\Users\Estudiante\AppData\Local\Programs\MiKTeX\tex/latex/pgf/math\pgfmath.s
ty
(C:\Users\Estudiante\AppData\Local\Programs\MiKTeX\tex/generic/pgf/math\pgfmath
.code.tex))
(C:\Users\Estudiante\AppData\Local\Programs\MiKTeX\tex/generic/pgf/utilities\pg
ffor.code.tex
Package: pgffor 2025-08-29 v3.1.11a (3.1.11a)
\pgffor@iter=\dimen273
\pgffor@skip=\dimen274
\pgffor@stack=\toks44
\pgffor@toks=\toks45
))
(C:\Users\Estudiante\AppData\Local\Programs\MiKTeX\tex/generic/pgf/frontendlaye
r/tikz\tikz.code.tex
Package: tikz 2025-08-29 v3.1.11a (3.1.11a)

(C:\Users\Estudiante\AppData\Local\Programs\MiKTeX\tex/generic/pgf/libraries\pg
flibraryplothandlers.code.tex
File: pgflibraryplothandlers.code.tex 2025-08-29 v3.1.11a (3.1.11a)
\pgf@plot@mark@count=\count324
\pgfplotmarksize=\dimen275
)
\tikz@lastx=\dimen276
\tikz@lasty=\dimen277
\tikz@lastxsaved=\dimen278
\tikz@lastysaved=\dimen279
\tikz@lastmovetox=\dimen280
\tikz@lastmovetoy=\dimen281
\tikzleveldistance=\dimen282
\tikzsiblingdistance=\dimen283
\tikz@figbox=\box65
\tikz@figbox@bg=\box66
\tikz@tempbox=\box67
\tikz@tempbox@bg=\box68
\tikztreelevel=\count325
\tikznumberofchildren=\count326
\tikznumberofcurrentchild=\count327
\tikz@fig@count=\count328

(C:\Users\Estudiante\AppData\Local\Programs\MiKTeX\tex/generic/pgf/modules\pgfm
odulematrix.code.tex
File: pgfmodulematrix.code.tex 2025-08-29 v3.1.11a (3.1.11a)
\pgfmatrixcurrentrow=\count329
\pgfmatrixcurrentcolumn=\count330
\pgf@matrix@numberofcolumns=\count331
)
\tikz@expandcount=\count332

(C:\Users\Estudiante\AppData\Local\Programs\MiKTeX\tex/generic/pgf/frontendlaye
r/tikz/libraries\tikzlibrarytopaths.code.tex
File: tikzlibrarytopaths.code.tex 2025-08-29 v3.1.11a (3.1.11a)
)))
(C:\Users\Estudiante\AppData\Local\Programs\MiKTeX\tex/generic/pgf/frontendlaye
r/tikz/libraries\tikzlibraryshapes.geometric.code.tex
File: tikzlibraryshapes.geometric.code.tex 2025-08-29 v3.1.11a (3.1.11a)

(C:\Users\Estudiante\AppData\Local\Programs\MiKTeX\tex/generic/pgf/libraries/sh
apes\pgflibraryshapes.geometric.code.tex
File: pgflibraryshapes.geometric.code.tex 2025-08-29 v3.1.11a (3.1.11a)
))
(C:\Users\Estudiante\AppData\Local\Programs\MiKTeX\tex/generic/pgf/frontendlaye
r/tikz/libraries\tikzlibraryarrows.code.tex
File: tikzlibraryarrows.code.tex 2025-08-29 v3.1.11a (3.1.11a)

(C:\Users\Estudiante\AppData\Local\Programs\MiKTeX\tex/generic/pgf/libraries\pg
flibraryarrows.code.tex
File: pgflibraryarrows.code.tex 2025-08-29 v3.1.11a (3.1.11a)
\arrowsize=\dimen284
))
(C:\Users\Estudiante\AppData\Local\Programs\MiKTeX\tex/generic/pgf/frontendlaye
r/tikz/libraries\tikzlibrarycalc.code.tex
File: tikzlibrarycalc.code.tex 2025-08-29 v3.1.11a (3.1.11a)
)
(C:\Users\Estudiante\AppData\Local\Programs\MiKTeX\tex/latex/tools\tabularx.sty
Package: tabularx 2023/12/11 v2.12a `tabularx' package (DPC)
\TX@col@width=\dimen285
\TX@old@table=\dimen286
\TX@old@col=\dimen287
\TX@target=\dimen288
\TX@delta=\dimen289
\TX@cols=\count333
\TX@ftn=\toks46
)
(C:\Users\Estudiante\AppData\Local\Programs\MiKTeX\tex/latex/booktabs\booktabs.
sty
Package: booktabs 2020/01/12 v1.61803398 Publication quality tables
\heavyrulewidth=\dimen290
\lightrulewidth=\dimen291
\cmidrulewidth=\dimen292
\belowrulesep=\dimen293
\belowbottomsep=\dimen294
\aboverulesep=\dimen295
\abovetopsep=\dimen296
\cmidrulesep=\dimen297
\cmidrulekern=\dimen298
\defaultaddspace=\dimen299
\@cmidla=\count334
\@cmidlb=\count335
\@aboverulesep=\dimen300
\@belowrulesep=\dimen301
\@thisruleclass=\count336
\@lastruleclass=\count337
\@thisrulewidth=\dimen302
)
(C:\Users\Estudiante\AppData\Local\Programs\MiKTeX\tex/latex/enumitem\enumitem.
sty
Package: enumitem 2025/02/06 v3.11 Customized lists
\enitkv@toks@=\toks47
\labelindent=\skip58
\enit@outerparindent=\dimen303
\enit@toks=\toks48
\enit@inbox=\box69
\enit@count@id=\count338
\enitdp@description=\count339
)
(C:\Users\Estudiante\AppData\Local\Programs\MiKTeX\tex/latex/tools\longtable.st
y
Package: longtable 2025-10-13 v4.24 Multi-page Table package (DPC)
\LTleft=\skip59
\LTright=\skip60
\LTpre=\skip61
\LTpost=\skip62
\LTchunksize=\count340
\LTcapwidth=\dimen304
\LT@head=\box70
\LT@firsthead=\box71
\LT@foot=\box72
\LT@lastfoot=\box73
\LT@gbox=\box74
\LT@cols=\count341
\LT@rows=\count342
\c@LT@tables=\count343
\c@LT@chunks=\count344
\LT@p@ftn=\toks49
)
(C:\Users\Estudiante\AppData\Local\Programs\MiKTeX\tex/latex/multirow\multirow.
sty
Package: multirow 2024/11/12 v2.9 Span multiple rows of a table
\multirow@colwidth=\skip63
\multirow@cntb=\count345
\multirow@dima=\skip64
\bigstrutjot=\dimen305
)
(C:\Users\Estudiante\AppData\Local\Programs\MiKTeX\tex/latex/adjustbox\adjustbo
x.sty
Package: adjustbox 2025/02/26 v1.3c Adjusting TeX boxes (trim, clip, ...)

(C:\Users\Estudiante\AppData\Local\Programs\MiKTeX\tex/latex/adjustbox\adjcalc.
sty
Package: adjcalc 2012/05/16 v1.1 Provides advanced setlength with multiple back
-ends (calc, etex, pgfmath)
)
(C:\Users\Estudiante\AppData\Local\Programs\MiKTeX\tex/latex/adjustbox\trimclip
.sty
Package: trimclip 2025/02/21 v1.2a Trim and clip general TeX material

(C:\Users\Estudiante\AppData\Local\Programs\MiKTeX\tex/latex/collectbox\collect
box.sty
Package: collectbox 2022/10/17 v0.4c Collect macro arguments as boxes
\collectedbox=\box75
)
\tc@llx=\dimen306
\tc@lly=\dimen307
\tc@urx=\dimen308
\tc@ury=\dimen309
Package trimclip Info: Using driver 'tc-pdftex.def'.

(C:\Users\Estudiante\AppData\Local\Programs\MiKTeX\tex/latex/adjustbox\tc-pdfte
x.def
File: tc-pdftex.def 2025/02/26 v2.3 Clipping driver for pdftex
))
\adjbox@Width=\dimen310
\adjbox@Height=\dimen311
\adjbox@Depth=\dimen312
\adjbox@Totalheight=\dimen313
\adjbox@pwidth=\dimen314
\adjbox@pheight=\dimen315
\adjbox@pdepth=\dimen316
\adjbox@ptotalheight=\dimen317

(C:\Users\Estudiante\AppData\Local\Programs\MiKTeX\tex/latex/ifoddpage\ifoddpag
e.sty
Package: ifoddpage 2022/10/18 v1.2 Conditionals for odd/even page detection
\c@checkoddpage=\count346
)
(C:\Users\Estudiante\AppData\Local\Programs\MiKTeX\tex/latex/varwidth\varwidth.
sty
Package: varwidth 2009/03/30 ver 0.92;  Variable-width minipages
\@vwid@box=\box76
\sift@deathcycles=\count347
\@vwid@loff=\dimen318
\@vwid@roff=\dimen319
)
==> First Aid for varwidth.sty applied!
)
(C:\Users\Estudiante\AppData\Local\Programs\MiKTeX\tex/latex/graphics\rotating.
sty
Package: rotating 2025/01/14 v2.16e rotated objects in LaTeX
\c@r@tfl@t=\count348
\rotFPtop=\skip65
\rotFPbot=\skip66
\rot@float@box=\box77
\rot@mess@toks=\toks50
)
(C:\Users\Estudiante\AppData\Local\Programs\MiKTeX\tex/latex/threeparttable\thr
eeparttable.sty
Package: threeparttable 2003/06/13  v 3.0
\@tempboxb=\box78
)
(C:\Users\Estudiante\AppData\Local\Programs\MiKTeX\tex/latex/makecell\makecell.
sty
Package: makecell 2009/08/03 V0.1e Managing of Tab Column Heads and Cells
\rotheadsize=\dimen320
\c@nlinenum=\count349
\TeXr@lab=\toks51
)
(C:\Users\Estudiante\AppData\Local\Programs\MiKTeX\tex/latex/multirow\bigstrut.
sty
Package: bigstrut 2024/11/12 v2.9 Provide larger struts in tabulars
)
(C:\Users\Estudiante\AppData\Local\Programs\MiKTeX\tex/latex/pdflscape\pdflscap
e.sty
Package: pdflscape 2022-10-27 v0.13 Display of landscape pages in PDF

(C:\Users\Estudiante\AppData\Local\Programs\MiKTeX\tex/latex/pdflscape\pdflscap
e-nometadata.sty
Package: pdflscape-nometadata 2022-10-28 v0.13 Display of landscape pages in PD
F (HO)

(C:\Users\Estudiante\AppData\Local\Programs\MiKTeX\tex/latex/graphics\lscape.st
y
Package: lscape 2020/05/28 v3.02 Landscape Pages (DPC)
)
Package pdflscape Info: Auto-detected driver: pdftex on input line 81.
))
(C:\Users\Estudiante\AppData\Local\Programs\MiKTeX\tex/latex/geometry\geometry.
sty
Package: geometry 2020/01/02 v5.9 Page Geometry

(C:\Users\Estudiante\AppData\Local\Programs\MiKTeX\tex/generic/iftex\ifvtex.sty
Package: ifvtex 2019/10/25 v1.7 ifvtex legacy package. Use iftex instead.
)
\Gm@cnth=\count350
\Gm@cntv=\count351
\c@Gm@tempcnt=\count352
\Gm@bindingoffset=\dimen321
\Gm@wd@mp=\dimen322
\Gm@odd@mp=\dimen323
\Gm@even@mp=\dimen324
\Gm@layoutwidth=\dimen325
\Gm@layoutheight=\dimen326
\Gm@layouthoffset=\dimen327
\Gm@layoutvoffset=\dimen328
\Gm@dimlist=\toks52

(C:\Users\Estudiante\AppData\Local\Programs\MiKTeX\tex/latex/geometry\geometry.
cfg))
(C:\Users\Estudiante\AppData\Local\Programs\MiKTeX\tex/latex/fancyhdr\fancyhdr.
sty
Package: fancyhdr 2025/02/07 v5.2 Extensive control of page headers and footers

\f@nch@headwidth=\skip67
\f@nch@offset@elh=\skip68
\f@nch@offset@erh=\skip69
\f@nch@offset@olh=\skip70
\f@nch@offset@orh=\skip71
\f@nch@offset@elf=\skip72
\f@nch@offset@erf=\skip73
\f@nch@offset@olf=\skip74
\f@nch@offset@orf=\skip75
\f@nch@height=\skip76
\f@nch@footalignment=\skip77
\f@nch@widthL=\skip78
\f@nch@widthC=\skip79
\f@nch@widthR=\skip80
\@temptokenb=\toks53
)
(C:\Users\Estudiante\AppData\Local\Programs\MiKTeX\tex/latex/titlesec\titlesec.
sty
Package: titlesec 2025/01/04 v2.17 Sectioning titles
\ttl@box=\box79
\beforetitleunit=\skip81
\aftertitleunit=\skip82
\ttl@plus=\dimen329
\ttl@minus=\dimen330
\ttl@toksa=\toks54
\titlewidth=\dimen331
\titlewidthlast=\dimen332
\titlewidthfirst=\dimen333
)
(C:\Users\Estudiante\AppData\Local\Programs\MiKTeX\tex/latex/appendix\appendix.
sty
Package: appendix 2020/02/08 v1.2c extra appendix facilities
\c@@pps=\count353
\c@@ppsavesec=\count354
\c@@ppsaveapp=\count355
) (C:\Users\Estudiante\AppData\Local\Programs\MiKTeX\tex/latex/url\url.sty
\Urlmuskip=\muskip18
Package: url 2013/09/16  ver 3.4  Verb mode for urls, etc.
)
(C:\Users\Estudiante\AppData\Local\Programs\MiKTeX\tex/latex/xurl\xurl.sty
Package: xurl 2022/01/09 v 0.10 modify URL breaks
)
(C:\Users\Estudiante\AppData\Local\Programs\MiKTeX\tex/latex/ragged2e\ragged2e.
sty
Package: ragged2e 2023/06/22 v3.6 ragged2e Package
\CenteringLeftskip=\skip83
\RaggedLeftLeftskip=\skip84
\RaggedRightLeftskip=\skip85
\CenteringRightskip=\skip86
\RaggedLeftRightskip=\skip87
\RaggedRightRightskip=\skip88
\CenteringParfillskip=\skip89
\RaggedLeftParfillskip=\skip90
\RaggedRightParfillskip=\skip91
\JustifyingParfillskip=\skip92
\CenteringParindent=\skip93
\RaggedLeftParindent=\skip94
\RaggedRightParindent=\skip95
\JustifyingParindent=\skip96
)
(C:\Users\Estudiante\AppData\Local\Programs\MiKTeX\tex/latex/hyperref\hyperref.
sty
Package: hyperref 2025-07-12 v7.01o Hypertext links for LaTeX

(C:\Users\Estudiante\AppData\Local\Programs\MiKTeX\tex/generic/kvdefinekeys\kvd
efinekeys.sty
Package: kvdefinekeys 2019-12-19 v1.6 Define keys (HO)
)
(C:\Users\Estudiante\AppData\Local\Programs\MiKTeX\tex/generic/pdfescape\pdfesc
ape.sty
Package: pdfescape 2019/12/09 v1.15 Implements pdfTeX's escape features (HO)

(C:\Users\Estudiante\AppData\Local\Programs\MiKTeX\tex/generic/pdftexcmds\pdfte
xcmds.sty
Package: pdftexcmds 2020-06-27 v0.33 Utility functions of pdfTeX for LuaTeX (HO
)

(C:\Users\Estudiante\AppData\Local\Programs\MiKTeX\tex/generic/infwarerr\infwar
err.sty
Package: infwarerr 2019/12/03 v1.5 Providing info/warning/error messages (HO)
)
Package pdftexcmds Info: \pdf@primitive is available.
Package pdftexcmds Info: \pdf@ifprimitive is available.
Package pdftexcmds Info: \pdfdraftmode found.
))
(C:\Users\Estudiante\AppData\Local\Programs\MiKTeX\tex/latex/hycolor\hycolor.st
y
Package: hycolor 2020-01-27 v1.10 Color options for hyperref/bookmark (HO)
)
(C:\Users\Estudiante\AppData\Local\Programs\MiKTeX\tex/latex/hyperref\nameref.s
ty
Package: nameref 2025-06-21 v2.57 Cross-referencing by name of section

(C:\Users\Estudiante\AppData\Local\Programs\MiKTeX\tex/latex/refcount\refcount.
sty
Package: refcount 2019/12/15 v3.6 Data extraction from label references (HO)
)
(C:\Users\Estudiante\AppData\Local\Programs\MiKTeX\tex/generic/gettitlestring\g
ettitlestring.sty
Package: gettitlestring 2019/12/15 v1.6 Cleanup title references (HO)
)
\c@section@level=\count356
)
(C:\Users\Estudiante\AppData\Local\Programs\MiKTeX\tex/generic/stringenc\string
enc.sty
Package: stringenc 2019/11/29 v1.12 Convert strings between diff. encodings (HO
)
)
\@linkdim=\dimen334
\Hy@linkcounter=\count357
\Hy@pagecounter=\count358

(C:\Users\Estudiante\AppData\Local\Programs\MiKTeX\tex/latex/hyperref\pd1enc.de
f
File: pd1enc.def 2025-07-12 v7.01o Hyperref: PDFDocEncoding definition (HO)
Now handling font encoding PD1 ...
... no UTF-8 mapping file for font encoding PD1
)
(C:\Users\Estudiante\AppData\Local\Programs\MiKTeX\tex/generic/intcalc\intcalc.
sty
Package: intcalc 2019/12/15 v1.3 Expandable calculations with integers (HO)
)
\Hy@SavedSpaceFactor=\count359

(C:\Users\Estudiante\AppData\Local\Programs\MiKTeX\tex/latex/hyperref\puenc.def
File: puenc.def 2025-07-12 v7.01o Hyperref: PDF Unicode definition (HO)
Now handling font encoding PU ...
... no UTF-8 mapping file for font encoding PU
)
Package hyperref Info: Hyper figures OFF on input line 4195.
Package hyperref Info: Link nesting OFF on input line 4200.
Package hyperref Info: Hyper index ON on input line 4203.
Package hyperref Info: Plain pages OFF on input line 4210.
Package hyperref Info: Backreferencing OFF on input line 4215.
Package hyperref Info: Implicit mode ON; LaTeX internals redefined.
Package hyperref Info: Bookmarks ON on input line 4462.
\c@Hy@tempcnt=\count360
LaTeX Info: Redefining \url on input line 4801.
\XeTeXLinkMargin=\dimen335

(C:\Users\Estudiante\AppData\Local\Programs\MiKTeX\tex/generic/bitset\bitset.st
y
Package: bitset 2019/12/09 v1.3 Handle bit-vector datatype (HO)

(C:\Users\Estudiante\AppData\Local\Programs\MiKTeX\tex/generic/bigintcalc\bigin
tcalc.sty
Package: bigintcalc 2019/12/15 v1.5 Expandable calculations on big integers (HO
)
))
\Fld@menulength=\count361
\Field@Width=\dimen336
\Fld@charsize=\dimen337
Package hyperref Info: Hyper figures OFF on input line 6078.
Package hyperref Info: Link nesting OFF on input line 6083.
Package hyperref Info: Hyper index ON on input line 6086.
Package hyperref Info: backreferencing OFF on input line 6093.
Package hyperref Info: Link coloring OFF on input line 6098.
Package hyperref Info: Link coloring with OCG OFF on input line 6103.
Package hyperref Info: PDF/A mode OFF on input line 6108.
\Hy@abspage=\count362
\c@Item=\count363
\c@Hfootnote=\count364
)
Package hyperref Info: Driver (autodetected): hpdftex.

(C:\Users\Estudiante\AppData\Local\Programs\MiKTeX\tex/latex/hyperref\hpdftex.d
ef
File: hpdftex.def 2025-07-12 v7.01o Hyperref driver for pdfTeX
\Fld@listcount=\count365
\c@bookmark@seq@number=\count366

(C:\Users\Estudiante\AppData\Local\Programs\MiKTeX\tex/latex/rerunfilecheck\rer
unfilecheck.sty
Package: rerunfilecheck 2025-06-21 v1.11 Rerun checks for auxiliary files (HO)

(C:\Users\Estudiante\AppData\Local\Programs\MiKTeX\tex/generic/uniquecounter\un
iquecounter.sty
Package: uniquecounter 2019/12/15 v1.4 Provide unlimited unique counter (HO)
)
Package uniquecounter Info: New unique counter `rerunfilecheck' on input line 2
84.
)
\Hy@SectionHShift=\skip97
)
(C:\Users\Estudiante\AppData\Local\Programs\MiKTeX\tex/latex/cleveref\cleveref.
sty
Package: cleveref 2018/03/27 v0.21.4 Intelligent cross-referencing
Package cleveref Info: `hyperref' support loaded on input line 2370.
LaTeX Info: Redefining \cref on input line 2370.
LaTeX Info: Redefining \Cref on input line 2370.
LaTeX Info: Redefining \crefrange on input line 2370.
LaTeX Info: Redefining \Crefrange on input line 2370.
LaTeX Info: Redefining \cpageref on input line 2370.
LaTeX Info: Redefining \Cpageref on input line 2370.
LaTeX Info: Redefining \cpagerefrange on input line 2370.
LaTeX Info: Redefining \Cpagerefrange on input line 2370.
LaTeX Info: Redefining \labelcref on input line 2370.
LaTeX Info: Redefining \labelcpageref on input line 2370.
)
==> First Aid for cleveref.sty applied!
Package hyperref Info: Option `colorlinks' set `true' on input line 145.
) (configuraciones/figuras_casos_uso.tex)
LaTeX Font Info:    Trying to load font information for T1+ntxtlf on input line
 10.

(C:\Users\Estudiante\AppData\Local\Programs\MiKTeX\tex/latex/newtx\t1ntxtlf.fd
File: t1ntxtlf.fd 2021/05/24 v1.1 font definition file for T1/ntx/tlf
)
LaTeX Font Info:    Font shape `T1/ntxtlf/m/n' will be
(Font)              scaled to size 12.0pt on input line 10.
(defensoria.aux (capitulos/00-portada.aux)
LaTeX Info: Redefining \. on input line 13.
LaTeX Info: Redefining \% on input line 13.
Package babel Info: 'spanish' activates 'spanish' shorthands.
(babel)             Reported on input line 13.
 (capitulos/00-advertencia.aux)
(capitulos/00-agradecimientos.aux) (capitulos/00-indices.aux)
(capitulos/01-introduccion.aux) (capitulos/02-estado-del-arte.aux)
(capitulos/03-marco-normativo.aux) (capitulos/04-marco-teorico.aux)
(capitulos/05-metodologia.aux) (capitulos/06-analisis-del-sistema.aux)
(capitulos/07-diseno-del-sistema.aux) (capitulos/00-anexoA.aux)
(capitulos/00-anexoB.aux) (capitulos/00-anexoC.aux) (capitulos/00-anexoD.aux)
(capitulos/00-referencias.aux))
\openout1 = `defensoria.aux'.

LaTeX Font Info:    Checking defaults for OML/ntxmi/m/it on input line 10.
LaTeX Font Info:    Trying to load font information for OML+ntxmi on input line
 10.

(C:\Users\Estudiante\AppData\Local\Programs\MiKTeX\tex/latex/newtx\omlntxmi.fd
File: omlntxmi.fd 2015/08/25 Fontinst v1.933 font definitions for OML/ntxmi.
)
LaTeX Font Info:    ... okay on input line 10.
LaTeX Font Info:    Checking defaults for OMS/cmsy/m/n on input line 10.
LaTeX Font Info:    ... okay on input line 10.
LaTeX Font Info:    Checking defaults for OT1/cmr/m/n on input line 10.
LaTeX Font Info:    ... okay on input line 10.
LaTeX Font Info:    Checking defaults for T1/cmr/m/n on input line 10.
LaTeX Font Info:    ... okay on input line 10.
LaTeX Font Info:    Checking defaults for TS1/cmr/m/n on input line 10.
LaTeX Font Info:    ... okay on input line 10.
LaTeX Font Info:    Checking defaults for OMX/cmex/m/n on input line 10.
LaTeX Font Info:    ... okay on input line 10.
LaTeX Font Info:    Checking defaults for U/ntxexa/m/n on input line 10.
LaTeX Font Info:    Trying to load font information for U+ntxexa on input line 
10.
(C:\Users\Estudiante\AppData\Local\Programs\MiKTeX\tex/latex/newtx\untxexa.fd
File: untxexa.fd 2012/04/16 Fontinst v1.933 font definitions for U/ntxexa.
)
LaTeX Font Info:    ... okay on input line 10.
LaTeX Font Info:    Checking defaults for LMS/ntxsy/m/n on input line 10.
LaTeX Font Info:    Trying to load font information for LMS+ntxsy on input line
 10.

(C:\Users\Estudiante\AppData\Local\Programs\MiKTeX\tex/latex/newtx\lmsntxsy.fd
File: lmsntxsy.fd 2016/07/02 Fontinst v1.933 font definitions for LMS/ntxsy.
)
LaTeX Font Info:    ... okay on input line 10.
LaTeX Font Info:    Checking defaults for LMX/ntxexx/m/n on input line 10.
LaTeX Font Info:    Trying to load font information for LMX+ntxexx on input lin
e 10.

(C:\Users\Estudiante\AppData\Local\Programs\MiKTeX\tex/latex/newtx\lmxntxexx.fd
File: lmxntxexx.fd 2016/07/03 Fontinst v1.933 font definitions for LMX/ntxexx.
)
LaTeX Font Info:    ... okay on input line 10.
LaTeX Font Info:    Checking defaults for PD1/pdf/m/n on input line 10.
LaTeX Font Info:    ... okay on input line 10.
LaTeX Font Info:    Checking defaults for PU/pdf/m/n on input line 10.
LaTeX Font Info:    ... okay on input line 10.
LaTeX Info: Redefining \. on input line 10.
LaTeX Info: Redefining \% on input line 10.
LaTeX Info: Command `\dddot' is already robust on input line 10.
LaTeX Info: Command `\ddddot' is already robust on input line 10.

(C:\Users\Estudiante\AppData\Local\Programs\MiKTeX\tex/context/base/mkii\supp-p
df.mkii
[Loading MPS to PDF converter (version 2006.09.02).]
\scratchcounter=\count367
\scratchdimen=\dimen338
\scratchbox=\box80
\nofMPsegments=\count368
\nofMParguments=\count369
\everyMPshowfont=\toks55
\MPscratchCnt=\count370
\MPscratchDim=\dimen339
\MPnumerator=\count371
\makeMPintoPDFobject=\count372
\everyMPtoPDFconversion=\toks56
)
(C:\Users\Estudiante\AppData\Local\Programs\MiKTeX\tex/latex/epstopdf-pkg\epsto
pdf-base.sty
Package: epstopdf-base 2020-01-24 v2.11 Base part for package epstopdf
Package epstopdf-base Info: Redefining graphics rule for `.eps' on input line 4
85.

(C:\Users\Estudiante\AppData\Local\Programs\MiKTeX\tex/latex/00miktex\epstopdf-
sys.cfg
File: epstopdf-sys.cfg 2021/03/18 v2.0 Configuration of epstopdf for MiKTeX
))
\c@mv@tabular=\count373
\c@mv@boldtabular=\count374

Couldn't patch \ttl@straight@ii
Couldn't patch \ttl@straight@ii
Package microtype Info: Patching varwidth to enable character protrusion.
\MT@vwid@leftmargin=\dimen340
\MT@vwid@rightmargin=\dimen341
LaTeX Info: Redefining \microtypecontext on input line 10.
Package microtype Info: Applying patch `item' on input line 10.
Package microtype Info: Applying patch `toc' on input line 10.
Package microtype Info: Applying patch `eqnum' on input line 10.
Package microtype Info: Applying patch `footnote' on input line 10.
Package microtype Info: Applying patch `verbatim' on input line 10.
LaTeX Info: Redefining \microtypesetup on input line 10.
Package microtype Info: Generating PDF output.
Package microtype Info: Character protrusion enabled (level 2).
Package microtype Info: Using default protrusion set `alltext'.
Package microtype Info: Automatic font expansion enabled (level 2),
(microtype)             stretch: 20, shrink: 20, step: 1, non-selected.
Package microtype Info: Using default expansion set `alltext-nott'.
Package microtype Info: Patching command `\showhyphens'.
Package microtype Info: No adjustment of tracking.
Package microtype Info: No adjustment of interword spacing.
Package microtype Info: No adjustment of character kerning.

(C:\Users\Estudiante\AppData\Local\Programs\MiKTeX\tex/latex/microtype\mt-ptm.c
fg
File: mt-ptm.cfg 2006/04/20 v1.7 microtype config. file: Times (RS)
)
*geometry* driver: auto-detecting
*geometry* detected driver: pdftex
*geometry* verbose mode - [ preamble ] result:
* driver: pdftex
* paper: letterpaper
* layout: <same size as paper>
* layoutoffset:(h,v)=(0.0pt,0.0pt)
* modes: 
* h-part:(L,W,R)=(85.35826pt, 472.03123pt, 56.9055pt)
* v-part:(T,H,B)=(71.13188pt, 652.70622pt, 71.13188pt)
* \paperwidth=614.295pt
* \paperheight=794.96999pt
* \textwidth=472.03123pt
* \textheight=652.70622pt
* \oddsidemargin=13.08827pt
* \evensidemargin=13.08827pt
* \topmargin=-46.0119pt
* \headheight=25.0pt
* \headsep=19.8738pt
* \topskip=12.0pt
* \footskip=30.0pt
* \marginparwidth=47.0pt
* \marginparsep=7.0pt
* \columnsep=10.0pt
* \skip\footins=10.8pt plus 4.0pt minus 2.0pt
* \hoffset=0.0pt
* \voffset=0.0pt
* \mag=1000
* \@twocolumnfalse
* \@twosidefalse
* \@mparswitchfalse
* \@reversemarginfalse
* (1in=72.27pt=25.4mm, 1cm=28.453pt)

Package hyperref Info: Link coloring ON on input line 10.
(defensoria.out) (defensoria.out)
\@outlinefile=\write4
\openout4 = `defensoria.out'.

\openout2 = `capitulos/00-portada.aux'.

 (capitulos/00-portada.tex
*geometry* verbose mode - [ newgeometry ] result:
* driver: pdftex
* paper: letterpaper
* layout: <same size as paper>
* layoutoffset:(h,v)=(0.0pt,0.0pt)
* modes: 
* h-part:(L,W,R)=(85.35826pt, 472.03123pt, 56.9055pt)
* v-part:(T,H,B)=(56.9055pt, 681.15898pt, 56.9055pt)
* \paperwidth=614.295pt
* \paperheight=794.96999pt
* \textwidth=472.03123pt
* \textheight=681.15898pt
* \oddsidemargin=13.08827pt
* \evensidemargin=13.08827pt
* \topmargin=-60.23828pt
* \headheight=25.0pt
* \headsep=19.8738pt
* \topskip=12.0pt
* \footskip=30.0pt
* \marginparwidth=47.0pt
* \marginparsep=7.0pt
* \columnsep=10.0pt
* \skip\footins=10.8pt plus 4.0pt minus 2.0pt
* \hoffset=0.0pt
* \voffset=0.0pt
* \mag=1000
* \@twocolumnfalse
* \@twosidefalse
* \@mparswitchfalse
* \@reversemarginfalse
* (1in=72.27pt=25.4mm, 1cm=28.453pt)

<imagenes/logoIPN.png, id=578, 1927.2pt x 1084.05pt>
File: imagenes/logoIPN.png Graphic file (type png)
<use imagenes/logoIPN.png>
Package pdftex.def Info: imagenes/logoIPN.png  used on input line 31.
(pdftex.def)             Requested size: 94.4048pt x 53.09741pt.
<imagenes/logoESCOM.png, id=579, 1927.2pt x 1084.05pt>
File: imagenes/logoESCOM.png Graphic file (type png)
<use imagenes/logoESCOM.png>
Package pdftex.def Info: imagenes/logoESCOM.png  used on input line 36.
(pdftex.def)             Requested size: 94.4048pt x 53.09741pt.
LaTeX Font Info:    Font shape `T1/ntxtlf/m/n' will be
(Font)              scaled to size 20.0pt on input line 45.
LaTeX Font Info:    Font shape `T1/ntxtlf/b/n' will be
(Font)              scaled to size 20.0pt on input line 45.
LaTeX Font Info:    Font shape `T1/ntxtlf/m/n' will be
(Font)              scaled to size 16.0pt on input line 46.
LaTeX Font Info:    Font shape `T1/ntxtlf/b/n' will be
(Font)              scaled to size 16.0pt on input line 46.
LaTeX Font Info:    Font shape `T1/ntxtlf/m/n' will be
(Font)              scaled to size 14.0pt on input line 50.
LaTeX Font Info:    Font shape `T1/ntxtlf/m/it' will be
(Font)              scaled to size 14.0pt on input line 50.
LaTeX Font Info:    Font shape `T1/ntxtlf/m/n' will be
(Font)              scaled to size 14.4pt on input line 58.
LaTeX Font Info:    Font shape `T1/ntxtlf/m/it' will be
(Font)              scaled to size 14.4pt on input line 58.
LaTeX Font Info:    Font shape `T1/ntxtlf/b/n' will be
(Font)              scaled to size 14.4pt on input line 59.
LaTeX Font Info:    Font shape `T1/ntxtlf/b/n' will be
(Font)              scaled to size 12.0pt on input line 69.
LaTeX Font Info:    Font shape `T1/ntxtlf/b/it' will be
(Font)              scaled to size 12.0pt on input line 69.
LaTeX Font Info:    Trying to load font information for OT1+minntx on input lin
e 70.

(C:\Users\Estudiante\AppData\Local\Programs\MiKTeX\tex/latex/newtx\ot1minntx.fd
File: ot1minntx.fd 2023/09/09 v1.1 font definition file for OT1/minntx
)
LaTeX Font Info:    Font shape `OT1/minntx/m/n' will be
(Font)              scaled to size 12.0pt on input line 70.
Package microtype Info: Loading generic protrusion settings for font family
(microtype)             `minntx' (encoding: OT1).
(microtype)             For optimal results, create family-specific settings.
(microtype)             See the microtype manual for details.
LaTeX Font Info:    Font shape `OT1/minntx/m/n' will be
(Font)              scaled to size 8.8pt on input line 70.
LaTeX Font Info:    Font shape `OT1/minntx/m/n' will be
(Font)              scaled to size 6.6pt on input line 70.
LaTeX Font Info:    Font shape `OML/ntxmi/m/it' will be
(Font)              scaled to size 12.0pt on input line 70.
LaTeX Font Info:    Font shape `OML/ntxmi/m/it' will be
(Font)              scaled to size 8.8pt on input line 70.
LaTeX Font Info:    Font shape `OML/ntxmi/m/it' will be
(Font)              scaled to size 6.6pt on input line 70.
LaTeX Font Info:    Font shape `LMS/ntxsy/m/n' will be
(Font)              scaled to size 12.0pt on input line 70.
LaTeX Font Info:    Font shape `LMS/ntxsy/m/n' will be
(Font)              scaled to size 8.8pt on input line 70.
LaTeX Font Info:    Font shape `LMS/ntxsy/m/n' will be
(Font)              scaled to size 6.6pt on input line 70.
LaTeX Font Info:    Font shape `LMX/ntxexx/m/n' will be
(Font)              scaled to size 12.0pt on input line 70.
LaTeX Font Info:    Font shape `LMX/ntxexx/m/n' will be
(Font)              scaled to size 8.8pt on input line 70.
LaTeX Font Info:    Font shape `LMX/ntxexx/m/n' will be
(Font)              scaled to size 6.6pt on input line 70.
LaTeX Font Info:    Trying to load font information for U+msa on input line 70.

 (C:\Users\Estudiante\AppData\Local\Programs\MiKTeX\tex/latex/amsfonts\umsa.fd
File: umsa.fd 2013/01/14 v3.01 AMS symbols A
)
(C:\Users\Estudiante\AppData\Local\Programs\MiKTeX\tex/latex/microtype\mt-msa.c
fg
File: mt-msa.cfg 2006/02/04 v1.1 microtype config. file: AMS symbols (a) (RS)
)
LaTeX Font Info:    Trying to load font information for U+msb on input line 70.


(C:\Users\Estudiante\AppData\Local\Programs\MiKTeX\tex/latex/amsfonts\umsb.fd
File: umsb.fd 2013/01/14 v3.01 AMS symbols B
)
(C:\Users\Estudiante\AppData\Local\Programs\MiKTeX\tex/latex/microtype\mt-msb.c
fg
File: mt-msb.cfg 2005/06/01 v1.0 microtype config. file: AMS symbols (b) (RS)
)
LaTeX Font Info:    Trying to load font information for U+ntxmia on input line 
70.

(C:\Users\Estudiante\AppData\Local\Programs\MiKTeX\tex/latex/newtx\untxmia.fd
File: untxmia.fd 2024/04/09 Fontinst v1.933 font definitions for U/ntxmia.
)
LaTeX Font Info:    Font shape `U/ntxmia/m/it' will be
(Font)              scaled to size 12.0pt on input line 70.
LaTeX Font Info:    Font shape `U/ntxmia/m/it' will be
(Font)              scaled to size 8.8pt on input line 70.
LaTeX Font Info:    Font shape `U/ntxmia/m/it' will be
(Font)              scaled to size 6.6pt on input line 70.
LaTeX Font Info:    Trying to load font information for U+ntxsym on input line 
70.

(C:\Users\Estudiante\AppData\Local\Programs\MiKTeX\tex/latex/newtx\untxsym.fd
File: untxsym.fd 2023/08/16 Fontinst v1.933 font definitions for U/ntxsym.
)
LaTeX Font Info:    Font shape `U/ntxsym/m/n' will be
(Font)              scaled to size 12.0pt on input line 70.
LaTeX Font Info:    Font shape `U/ntxsym/m/n' will be
(Font)              scaled to size 8.8pt on input line 70.
LaTeX Font Info:    Font shape `U/ntxsym/m/n' will be
(Font)              scaled to size 6.6pt on input line 70.
LaTeX Font Info:    Trying to load font information for U+ntxsyc on input line 
70.

(C:\Users\Estudiante\AppData\Local\Programs\MiKTeX\tex/latex/newtx\untxsyc.fd
File: untxsyc.fd 2012/04/12 Fontinst v1.933 font definitions for U/ntxsyc.
)
LaTeX Font Info:    Font shape `U/ntxsyc/m/n' will be
(Font)              scaled to size 12.0pt on input line 70.
LaTeX Font Info:    Font shape `U/ntxsyc/m/n' will be
(Font)              scaled to size 8.8pt on input line 70.
LaTeX Font Info:    Font shape `U/ntxsyc/m/n' will be
(Font)              scaled to size 6.6pt on input line 70.
LaTeX Font Info:    Font shape `U/ntxexa/m/n' will be
(Font)              scaled to size 12.0pt on input line 70.
LaTeX Font Info:    Font shape `U/ntxexa/m/n' will be
(Font)              scaled to size 8.8pt on input line 70.
LaTeX Font Info:    Font shape `U/ntxexa/m/n' will be
(Font)              scaled to size 6.6pt on input line 70.

[1





{C:/Users/Estudiante/AppData/Local/MiKTeX/fonts/map/pdftex/pdftex.map}{C:/Users
/Estudiante/AppData/Local/Programs/MiKTeX/fonts/enc/dvips/newtx/ntx-ec-tlf.enc}
 <./imagenes/logoIPN.png> <./imagenes/logoESCOM.png>])
\openout2 = `capitulos/00-advertencia.aux'.


(capitulos/00-advertencia.tex
LaTeX Font Info:    Font shape `T1/ntxtlf/m/n' will be
(Font)              scaled to size 17.28pt on input line 9.
LaTeX Font Info:    Font shape `T1/ntxtlf/b/n' will be
(Font)              scaled to size 17.28pt on input line 9.
LaTeX Font Info:    Font shape `T1/ntxtlf/m/it' will be
(Font)              scaled to size 12.0pt on input line 18.

pdfTeX warning (ext4): destination with the same identifier (name{page.I}) has 
been already used, duplicate ignored
<to be read again> 
                   \relax 
l.28 \newpage
              % Salto de página para que lo que sigue empiece en hoja nueva
[1




])
\openout2 = `capitulos/00-agradecimientos.aux'.

 (capitulos/00-agradecimientos.tex [2



])
\openout2 = `capitulos/00-indices.aux'.

 (capitulos/00-indices.tex
LaTeX Font Info:    Font shape `T1/ntxtlf/m/n' will be
(Font)              scaled to size 24.88pt on input line 8.
LaTeX Font Info:    Font shape `T1/ntxtlf/b/n' will be
(Font)              scaled to size 24.88pt on input line 8.

(defensoria.toc
LaTeX Info: Redefining \. on input line 1.
LaTeX Info: Redefining \% on input line 1.
LaTeX Font Info:    Font shape `T1/ntxtlf/m/sc' will be
(Font)              scaled to size 12.0pt on input line 33.
Package microtype Info: Character `029' is missing
(microtype)             in font `T1/ntxtlf/m/sc/12'.
(microtype)             Ignoring protrusion settings for this character.
 [3




{C:/Users/Estudiante/AppData/Local/Programs/MiKTeX/fonts/enc/dvips/newtx/ntx-ec
-tlf-pc.enc}]
LaTeX Font Info:    Font shape `T1/ntxtlf/m/n' will be
(Font)              scaled to size 10.95pt on input line 70.
LaTeX Font Info:    Font shape `T1/ntxtlf/m/it' will be
(Font)              scaled to size 10.95pt on input line 70.
LaTeX Info: Redefining \. on input line 70.
LaTeX Info: Redefining \% on input line 70.
Package babel Info: 'spanish' activates 'spanish' shorthands.
(babel)             Reported on input line 70.
 [4]
LaTeX Info: Redefining \. on input line 112.
LaTeX Info: Redefining \% on input line 112.
 [5]
LaTeX Info: Redefining \. on input line 147.
LaTeX Info: Redefining \% on input line 147.
 [6])
\tf@toc=\write5
\openout5 = `defensoria.toc'.

LaTeX Info: Redefining \. on input line 9.
LaTeX Info: Redefining \% on input line 9.
 [7] (defensoria.lof
LaTeX Info: Redefining \. on input line 1.
LaTeX Info: Redefining \% on input line 1.
 [8


])
\tf@lof=\write6
\openout6 = `defensoria.lof'.

LaTeX Info: Redefining \. on input line 13.
LaTeX Info: Redefining \% on input line 13.
 [9]
(defensoria.lot
LaTeX Info: Redefining \. on input line 1.
LaTeX Info: Redefining \% on input line 1.
LaTeX Font Info:    Font shape `T1/ntxtlf/m/n' will be
(Font)              scaled to size 10.0pt on input line 4.
 [10


])
\tf@lot=\write7
\openout7 = `defensoria.lot'.

LaTeX Info: Redefining \. on input line 17.
LaTeX Info: Redefining \% on input line 17.
 [11])
\openout2 = `capitulos/01-introduccion.aux'.

 (capitulos/01-introduccion.tex
Cap\'{\i }tulo 1.
[1






]
LaTeX Info: Redefining \. on input line 28.
LaTeX Info: Redefining \% on input line 28.
 [2]
LaTeX Info: Redefining \. on input line 40.
LaTeX Info: Redefining \% on input line 40.
 [3]
LaTeX Info: Redefining \. on input line 53.
LaTeX Info: Redefining \% on input line 53.
 [4])
LaTeX Info: Redefining \. on input line 21.
LaTeX Info: Redefining \% on input line 21.
 [5]
\openout2 = `capitulos/02-estado-del-arte.aux'.

 (capitulos/02-estado-del-arte.tex
Cap\'{\i }tulo 2.
[6




]
LaTeX Info: Redefining \. on input line 44.
LaTeX Info: Redefining \% on input line 44.
 [7]
LaTeX Info: Redefining \. on input line 63.
LaTeX Info: Redefining \% on input line 63.
 [8]
LaTeX Font Info:    Font shape `T1/ntxtlf/m/n' will be
(Font)              scaled to size 8.8pt on input line 78.
LaTeX Info: Redefining \. on input line 88.
LaTeX Info: Redefining \% on input line 88.
 [9]
LaTeX Info: Redefining \. on input line 115.
LaTeX Info: Redefining \% on input line 115.
 [10]
LaTeX Info: Redefining \. on input line 149.
LaTeX Info: Redefining \% on input line 149.
 [11]
LaTeX Info: Redefining \. on input line 179.
LaTeX Info: Redefining \% on input line 179.
 [12]
LaTeX Font Info:    Font shape `OT1/minntx/m/n' will be
(Font)              scaled to size 10.95pt on input line 197.
LaTeX Font Info:    Font shape `OT1/minntx/m/n' will be
(Font)              scaled to size 8.0pt on input line 197.
LaTeX Font Info:    Font shape `OT1/minntx/m/n' will be
(Font)              scaled to size 6.1pt on input line 197.
LaTeX Font Info:    Font shape `OML/ntxmi/m/it' will be
(Font)              scaled to size 10.95pt on input line 197.
LaTeX Font Info:    Font shape `OML/ntxmi/m/it' will be
(Font)              scaled to size 8.0pt on input line 197.
LaTeX Font Info:    Font shape `OML/ntxmi/m/it' will be
(Font)              scaled to size 6.1pt on input line 197.
LaTeX Font Info:    Font shape `LMS/ntxsy/m/n' will be
(Font)              scaled to size 10.95pt on input line 197.
LaTeX Font Info:    Font shape `LMS/ntxsy/m/n' will be
(Font)              scaled to size 8.0pt on input line 197.
LaTeX Font Info:    Font shape `LMS/ntxsy/m/n' will be
(Font)              scaled to size 6.1pt on input line 197.
LaTeX Font Info:    Font shape `LMX/ntxexx/m/n' will be
(Font)              scaled to size 10.95pt on input line 197.
LaTeX Font Info:    Font shape `LMX/ntxexx/m/n' will be
(Font)              scaled to size 8.0pt on input line 197.
LaTeX Font Info:    Font shape `LMX/ntxexx/m/n' will be
(Font)              scaled to size 6.1pt on input line 197.
LaTeX Font Info:    Font shape `U/ntxmia/m/it' will be
(Font)              scaled to size 10.95pt on input line 197.
LaTeX Font Info:    Font shape `U/ntxmia/m/it' will be
(Font)              scaled to size 8.0pt on input line 197.
LaTeX Font Info:    Font shape `U/ntxmia/m/it' will be
(Font)              scaled to size 6.1pt on input line 197.
LaTeX Font Info:    Font shape `U/ntxsym/m/n' will be
(Font)              scaled to size 10.95pt on input line 197.
LaTeX Font Info:    Font shape `U/ntxsym/m/n' will be
(Font)              scaled to size 8.0pt on input line 197.
LaTeX Font Info:    Font shape `U/ntxsym/m/n' will be
(Font)              scaled to size 6.1pt on input line 197.
LaTeX Font Info:    Font shape `U/ntxsyc/m/n' will be
(Font)              scaled to size 10.95pt on input line 197.
LaTeX Font Info:    Font shape `U/ntxsyc/m/n' will be
(Font)              scaled to size 8.0pt on input line 197.
LaTeX Font Info:    Font shape `U/ntxsyc/m/n' will be
(Font)              scaled to size 6.1pt on input line 197.
LaTeX Font Info:    Font shape `U/ntxexa/m/n' will be
(Font)              scaled to size 10.95pt on input line 197.
LaTeX Font Info:    Font shape `U/ntxexa/m/n' will be
(Font)              scaled to size 8.0pt on input line 197.
LaTeX Font Info:    Font shape `U/ntxexa/m/n' will be
(Font)              scaled to size 6.1pt on input line 197.
LaTeX Font Info:    Font shape `T1/ntxtlf/b/n' will be
(Font)              scaled to size 10.95pt on input line 198.
LaTeX Info: Redefining \. on input line 369.
LaTeX Info: Redefining \% on input line 369.
 [13]
LaTeX Info: Redefining \. on input line 369.
LaTeX Info: Redefining \% on input line 369.
 [14]
LaTeX Info: Redefining \. on input line 369.
LaTeX Info: Redefining \% on input line 369.
 [15]
LaTeX Info: Redefining \. on input line 626.
LaTeX Info: Redefining \% on input line 626.
 [16]
LaTeX Info: Redefining \. on input line 626.
LaTeX Info: Redefining \% on input line 626.
 [17]
LaTeX Info: Redefining \. on input line 626.
LaTeX Info: Redefining \% on input line 626.
 [18]
LaTeX Info: Redefining \. on input line 626.
LaTeX Info: Redefining \% on input line 626.
 [19]
LaTeX Info: Redefining \. on input line 626.
LaTeX Info: Redefining \% on input line 626.
 [20]
LaTeX Font Info:    Font shape `T1/ntxtlf/m/n' will be
(Font)              scaled to size 8.0pt on input line 636.
LaTeX Font Info:    Font shape `T1/ntxtlf/m/n' will be
(Font)              scaled to size 6.1pt on input line 636.
LaTeX Font Info:    Font shape `T1/ntxtlf/b/n' will be
(Font)              scaled to size 8.0pt on input line 636.
LaTeX Font Info:    Font shape `T1/ntxtlf/b/n' will be
(Font)              scaled to size 6.1pt on input line 636.
LaTeX Font Info:    Font shape `T1/ntxtlf/m/n' will be
(Font)              scaled to size 6.0pt on input line 647.
LaTeX Font Info:    Font shape `T1/ntxtlf/m/n' will be
(Font)              scaled to size 5.5pt on input line 647.
LaTeX Info: Redefining \. on input line 660.
LaTeX Info: Redefining \% on input line 660.
 [21]
LaTeX Info: Redefining \. on input line 688.
LaTeX Info: Redefining \% on input line 688.

[22]
LaTeX Info: Redefining \. on input line 712.
LaTeX Info: Redefining \% on input line 712.
 [23])
LaTeX Info: Redefining \. on input line 22.
LaTeX Info: Redefining \% on input line 22.
 [24]
\openout2 = `capitulos/03-marco-normativo.aux'.

 (capitulos/03-marco-normativo.tex
Cap\'{\i }tulo 3.
[25




]
LaTeX Info: Redefining \. on input line 33.
LaTeX Info: Redefining \% on input line 33.
 [26]
LaTeX Info: Redefining \. on input line 42.
LaTeX Info: Redefining \% on input line 42.
 [27]
LaTeX Info: Redefining \. on input line 59.
LaTeX Info: Redefining \% on input line 59.
 [28])
LaTeX Info: Redefining \. on input line 23.
LaTeX Info: Redefining \% on input line 23.
 [29]
\openout2 = `capitulos/04-marco-teorico.aux'.

 (capitulos/04-marco-teorico.tex
Cap\'{\i }tulo 4.
[30




]
LaTeX Info: Redefining \. on input line 30.
LaTeX Info: Redefining \% on input line 30.
 [31]
LaTeX Font Info:    Font shape `T1/ntxtlf/m/n' will be
(Font)              scaled to size 6.6pt on input line 39.
LaTeX Info: Redefining \. on input line 52.
LaTeX Info: Redefining \% on input line 52.
 [32]
LaTeX Info: Redefining \. on input line 67.
LaTeX Info: Redefining \% on input line 67.
 [33]
LaTeX Info: Redefining \. on input line 88.
LaTeX Info: Redefining \% on input line 88.
 [34]
LaTeX Info: Redefining \. on input line 103.
LaTeX Info: Redefining \% on input line 103.
 [35]
LaTeX Font Info:    Trying to load font information for TS1+ntxtlf on input lin
e 125.

(C:\Users\Estudiante\AppData\Local\Programs\MiKTeX\tex/latex/newtx\ts1ntxtlf.fd
File: ts1ntxtlf.fd 2015/01/18 v1.0 fd file for TS1/ntxtlf
)
LaTeX Font Info:    Font shape `TS1/ntxtlf/m/n' will be
(Font)              scaled to size 12.0pt on input line 125.
LaTeX Info: Redefining \. on input line 126.
LaTeX Info: Redefining \% on input line 126.
 [36{C:/Users/Estudiante/AppData/Local/Programs/MiKTeX/fonts/enc/dvips/newtx/nt
x-ot1-tlf.enc}]
LaTeX Info: Redefining \. on input line 145.
LaTeX Info: Redefining \% on input line 145.
 [37{C:/Users/Estudiante/AppData/Local/Programs/MiKTeX/fonts/enc/dvips/tex-gyre
/q-ts1.enc}]
LaTeX Info: Redefining \. on input line 173.
LaTeX Info: Redefining \% on input line 173.
 [38]
LaTeX Info: Redefining \. on input line 190.
LaTeX Info: Redefining \% on input line 190.
 [39]
LaTeX Info: Redefining \. on input line 208.
LaTeX Info: Redefining \% on input line 208.
 [40]
<imagenes/espacioTridimensional.png, id=1264, 380.01974pt x 333.04425pt>
File: imagenes/espacioTridimensional.png Graphic file (type png)
<use imagenes/espacioTridimensional.png>
Package pdftex.def Info: imagenes/espacioTridimensional.png  used on input line
 228.
(pdftex.def)             Requested size: 188.8096pt x 165.46977pt.


LaTeX Warning: `h' float specifier changed to `ht'.

<imagenes/puntosEspacio.png, id=1266, 372.1905pt x 302.3295pt>
File: imagenes/puntosEspacio.png Graphic file (type png)
<use imagenes/puntosEspacio.png>
Package pdftex.def Info: imagenes/puntosEspacio.png  used on input line 237.
(pdftex.def)             Requested size: 188.8096pt x 153.36946pt.

LaTeX Warning: `h' float specifier changed to `ht'.

<imagenes/puntosDosDimensiones.png, id=1267, 310.761pt x 296.90926pt>
File: imagenes/puntosDosDimensiones.png Graphic file (type png)
<use imagenes/puntosDosDimensiones.png>
Package pdftex.def Info: imagenes/puntosDosDimensiones.png  used on input line 
244.
(pdftex.def)             Requested size: 188.8096pt x 180.39856pt.

LaTeX Warning: `h' float specifier changed to `ht'.

LaTeX Info: Redefining \. on input line 252.
LaTeX Info: Redefining \% on input line 252.
[41]
LaTeX Info: Redefining \. on input line 261.
LaTeX Info: Redefining \% on input line 261.
 [42 <./imagenes/espacioTridimensional.png> <./imagenes/puntosEspacio.png>]
LaTeX Info: Redefining \. on input line 274.
LaTeX Info: Redefining \% on input line 274.
[43 <./imagenes/puntosDosDimensiones.png>]
LaTeX Info: Redefining \. on input line 297.
LaTeX Info: Redefining \% on input line 297.
 [44]
LaTeX Info: Redefining \. on input line 328.
LaTeX Info: Redefining \% on input line 328.
 [45]
LaTeX Info: Redefining \. on input line 348.
LaTeX Info: Redefining \% on input line 348.
 [46]
LaTeX Info: Redefining \. on input line 372.
LaTeX Info: Redefining \% on input line 372.
 [47]
LaTeX Info: Redefining \. on input line 392.
LaTeX Info: Redefining \% on input line 392.
 [48]
LaTeX Font Info:    Trying to load font information for T1+ntxtt on input line 
401.

(C:\Users\Estudiante\AppData\Local\Programs\MiKTeX\tex/latex/newtx\t1ntxtt.fd
File: t1ntxtt.fd 2012/04/20 v3.1
)
LaTeX Font Info:    Font shape `T1/ntxtt/m/n' will be
(Font)              scaled to size 12.0pt on input line 401.
Package microtype Info: Loading generic protrusion settings for font family
(microtype)             `ntxtt' (encoding: T1).
(microtype)             For optimal results, create family-specific settings.
(microtype)             See the microtype manual for details.
LaTeX Info: Redefining \. on input line 421.
LaTeX Info: Redefining \% on input line 421.

[49]
LaTeX Info: Redefining \. on input line 445.
LaTeX Info: Redefining \% on input line 445.
 [50]
<imagenes/metodoKernel.png, id=1323, 849.77475pt x 508.299pt>
File: imagenes/metodoKernel.png Graphic file (type png)
<use imagenes/metodoKernel.png>
Package pdftex.def Info: imagenes/metodoKernel.png  used on input line 452.
(pdftex.def)             Requested size: 188.8096pt x 112.93523pt.
LaTeX Info: Redefining \. on input line 458.
LaTeX Info: Redefining \% on input line 458.
 [51 <./imagenes/metodoKernel.png>]
LaTeX Info: Redefining \. on input line 481.
LaTeX Info: Redefining \% on input line 481.
 [52]
LaTeX Info: Redefining \. on input line 506.
LaTeX Info: Redefining \% on input line 506.
 [53]
LaTeX Info: Redefining \. on input line 529.
LaTeX Info: Redefining \% on input line 529.
 [54]
LaTeX Info: Redefining \. on input line 548.
LaTeX Info: Redefining \% on input line 548.
 [55]
LaTeX Info: Redefining \. on input line 572.
LaTeX Info: Redefining \% on input line 572.
 [56]
LaTeX Info: Redefining \. on input line 589.
LaTeX Info: Redefining \% on input line 589.
 [57]
LaTeX Info: Redefining \. on input line 605.
LaTeX Info: Redefining \% on input line 605.

[58]
LaTeX Info: Redefining \. on input line 621.
LaTeX Info: Redefining \% on input line 621.
 [59]
LaTeX Info: Redefining \. on input line 641.
LaTeX Info: Redefining \% on input line 641.
 [60]
LaTeX Info: Redefining \. on input line 661.
LaTeX Info: Redefining \% on input line 661.
 [61]
LaTeX Info: Redefining \. on input line 679.
LaTeX Info: Redefining \% on input line 679.
 [62]
LaTeX Info: Redefining \. on input line 700.
LaTeX Info: Redefining \% on input line 700.
 [63]
LaTeX Info: Redefining \. on input line 718.
LaTeX Info: Redefining \% on input line 718.
 [64]
LaTeX Info: Redefining \. on input line 739.
LaTeX Info: Redefining \% on input line 739.
 [65]
LaTeX Info: Redefining \. on input line 758.
LaTeX Info: Redefining \% on input line 758.
 [66]
LaTeX Info: Redefining \. on input line 774.
LaTeX Info: Redefining \% on input line 774.
 [67]
LaTeX Info: Redefining \. on input line 798.
LaTeX Info: Redefining \% on input line 798.
 [68]
LaTeX Info: Redefining \. on input line 814.
LaTeX Info: Redefining \% on input line 814.
 [69]
LaTeX Info: Redefining \. on input line 832.
LaTeX Info: Redefining \% on input line 832.
 [70]
LaTeX Info: Redefining \. on input line 851.
LaTeX Info: Redefining \% on input line 851.
 [71])
LaTeX Info: Redefining \. on input line 24.
LaTeX Info: Redefining \% on input line 24.
 [72]
\openout2 = `capitulos/05-metodologia.aux'.


(capitulos/05-metodologia.tex
Cap\'{\i }tulo 5.
[73




]
LaTeX Info: Redefining \. on input line 46.
LaTeX Info: Redefining \% on input line 46.
 [74])
LaTeX Info: Redefining \. on input line 25.
LaTeX Info: Redefining \% on input line 25.
 [75]
\openout2 = `capitulos/06-analisis-del-sistema.aux'.

 (capitulos/06-analisis-del-sistema.tex
Cap\'{\i }tulo 6.
(capitulos/analisis/01-problema-general.tex)
(capitulos/analisis/02-causas-del-problema.tex [76




])
(capitulos/analisis/03-problemas-especificos.tex
LaTeX Info: Redefining \. on input line 10.
LaTeX Info: Redefining \% on input line 10.
 [77])
(capitulos/analisis/04-solucion-independiente.tex)
(capitulos/analisis/05-solucion-integral.tex)
(capitulos/analisis/06-requerimientos-de-usuario.tex)
(capitulos/analisis/07-requerimientos-del-sistema.tex)
(capitulos/analisis/09-requerimientos-funcionales.tex)
(capitulos/analisis/10-requerimientos-no-funcionales.tex)
(capitulos/analisis/11-reglas-de-negocio.tex))
LaTeX Info: Redefining \. on input line 26.
LaTeX Info: Redefining \% on input line 26.
 [78]
\openout2 = `capitulos/07-diseno-del-sistema.aux'.


(capitulos/07-diseno-del-sistema.tex
Cap\'{\i }tulo 7.
(capitulos/diseno/01-primer-diseno.tex)
(capitulos/diseno/02-modelo-arquitectura.tex)
(capitulos/diseno/03-modelo-estatico.tex)
(capitulos/diseno/04-modelo-dinamico.tex)
(capitulos/diseno/05-modelo-persistencia.tex)
(capitulos/diseno/06-modelo-clasificador.tex [79




])
(capitulos/diseno/07-analisis-riesgo.tex) (capitulos/diseno/08-costos.tex))
LaTeX Info: Redefining \. on input line 27.
LaTeX Info: Redefining \% on input line 27.

[80]
\openout2 = `capitulos/00-anexoA.aux'.

 (capitulos/00-anexoA.tex
<imagenes/quejoso/Inicio.png, id=1460, 1322.9425pt x 834.11626pt>
File: imagenes/quejoso/Inicio.png Graphic file (type png)
<use imagenes/quejoso/Inicio.png>
Package pdftex.def Info: imagenes/quejoso/Inicio.png  used on input line 15.
(pdftex.def)             Requested size: 424.82523pt x 267.85176pt.
 [81





 <./imagenes/quejoso/Inicio.png>]
<imagenes/quejoso/FormularioQueja.png, id=1466, 1322.9425pt x 1245.65375pt>
File: imagenes/quejoso/FormularioQueja.png Graphic file (type png)
<use imagenes/quejoso/FormularioQueja.png>
Package pdftex.def Info: imagenes/quejoso/FormularioQueja.png  used on input li
ne 33.
(pdftex.def)             Requested size: 401.22942pt x 377.78554pt.
LaTeX Info: Redefining \. on input line 43.
LaTeX Info: Redefining \% on input line 43.
 [82 <./imagenes/quejoso/FormularioQueja.png>]
<imagenes/quejoso/FormularioTutor.png, id=1472, 1322.9425pt x 1245.65375pt>
File: imagenes/quejoso/FormularioTutor.png Graphic file (type png)
<use imagenes/quejoso/FormularioTutor.png>
Package pdftex.def Info: imagenes/quejoso/FormularioTutor.png  used on input li
ne 51.
(pdftex.def)             Requested size: 401.22942pt x 377.78554pt.
LaTeX Info: Redefining \. on input line 60.
LaTeX Info: Redefining \% on input line 60.
 [83 <./imagenes/quejoso/FormularioTutor.png>]
<imagenes/quejoso/QuejaEnviada.png, id=1478, 1292.83pt x 728.7225pt>
File: imagenes/quejoso/QuejaEnviada.png Graphic file (type png)
<use imagenes/quejoso/QuejaEnviada.png>
Package pdftex.def Info: imagenes/quejoso/QuejaEnviada.png  used on input line 
71.
(pdftex.def)             Requested size: 401.22942pt x 226.15738pt.
LaTeX Info: Redefining \. on input line 82.
LaTeX Info: Redefining \% on input line 82.
[84 <./imagenes/quejoso/QuejaEnviada.png>]
<imagenes/quejoso/FolioSeguimiento_NoCrearCuenta.png, id=1484, 1322.9425pt x 78
5.93625pt>
File: imagenes/quejoso/FolioSeguimiento_NoCrearCuenta.png Graphic file (type pn
g)
<use imagenes/quejoso/FolioSeguimiento_NoCrearCuenta.png>
Package pdftex.def Info: imagenes/quejoso/FolioSeguimiento_NoCrearCuenta.png  u
sed on input line 89.
(pdftex.def)             Requested size: 401.22942pt x 238.36105pt.
<imagenes/quejoso/ConsultaEstadoQueja.png, id=1485, 1322.9425pt x 760.8425pt>
File: imagenes/quejoso/ConsultaEstadoQueja.png Graphic file (type png)
<use imagenes/quejoso/ConsultaEstadoQueja.png>
Package pdftex.def Info: imagenes/quejoso/ConsultaEstadoQueja.png  used on inpu
t line 108.
(pdftex.def)             Requested size: 401.22942pt x 230.75055pt.
LaTeX Info: Redefining \. on input line 111.
LaTeX Info: Redefining \% on input line 111.
 [85 <./imagenes/quejoso/FolioSeguimiento_NoCrearCuenta.png>]
LaTeX Info: Redefining \. on input line 121.
LaTeX Info: Redefining \% on input line 121.
 [86 <./imagenes/quejoso/ConsultaEstadoQueja.png>]
<imagenes/quejoso/EstadoQueja.png, id=1497, 1322.9425pt x 807.015pt>
File: imagenes/quejoso/EstadoQueja.png Graphic file (type png)
<use imagenes/quejoso/EstadoQueja.png>
Package pdftex.def Info: imagenes/quejoso/EstadoQueja.png  used on input line 1
26.
(pdftex.def)             Requested size: 401.22942pt x 244.75389pt.
<imagenes/quejoso/FolioSeguimiento_CrearCuenta.png, id=1498, 1322.9425pt x 785.
93625pt>
File: imagenes/quejoso/FolioSeguimiento_CrearCuenta.png Graphic file (type png)

<use imagenes/quejoso/FolioSeguimiento_CrearCuenta.png>
Package pdftex.def Info: imagenes/quejoso/FolioSeguimiento_CrearCuenta.png  use
d on input line 150.
(pdftex.def)             Requested size: 401.22942pt x 238.36105pt.
LaTeX Info: Redefining \. on input line 153.
LaTeX Info: Redefining \% on input line 153.

[87

 <./imagenes/quejoso/EstadoQueja.png>]
LaTeX Info: Redefining \. on input line 164.
LaTeX Info: Redefining \% on input line 164.
 [88 <./imagenes/quejoso/FolioSeguimiento_CrearCuenta.png>]
<imagenes/quejoso/ConfiguraciónDatosPersonales_CrearCuenta.png, id=1509, 1322.
9425pt x 781.92125pt>
File: imagenes/quejoso/ConfiguraciónDatosPersonales_CrearCuenta.png Graphic fi
le (type png)
<use imagenes/quejoso/ConfiguraciónDatosPersonales_CrearCuenta.png>
Package pdftex.def Info: imagenes/quejoso/ConfiguraciónDatosPersonales_CrearCu
enta.png  used on input line 169.
(pdftex.def)             Requested size: 401.22942pt x 237.14337pt.
LaTeX Info: Redefining \. on input line 183.
LaTeX Info: Redefining \% on input line 183.
 [89

 <./imagenes/quejoso/ConfiguraciónDatosPersonales_CrearCuenta.png>]
<imagenes/quejoso/ConfiguraciónAcceso_CrearCuenta.png, id=1515, 1322.9425pt x 
844.15375pt>
File: imagenes/quejoso/ConfiguraciónAcceso_CrearCuenta.png Graphic file (type 
png)
<use imagenes/quejoso/ConfiguraciónAcceso_CrearCuenta.png>
Package pdftex.def Info: imagenes/quejoso/ConfiguraciónAcceso_CrearCuenta.png 
 used on input line 188.
(pdftex.def)             Requested size: 401.22942pt x 256.01743pt.
LaTeX Info: Redefining \. on input line 201.
LaTeX Info: Redefining \% on input line 201.
 [90

 <./imagenes/quejoso/ConfiguraciónAcceso_CrearCuenta.png>]
<imagenes/quejoso/CrearCuenta_Quejoso.png, id=1521, 1322.9425pt x 940.51375pt>
File: imagenes/quejoso/CrearCuenta_Quejoso.png Graphic file (type png)
<use imagenes/quejoso/CrearCuenta_Quejoso.png>
Package pdftex.def Info: imagenes/quejoso/CrearCuenta_Quejoso.png  used on inpu
t line 206.
(pdftex.def)             Requested size: 401.22942pt x 285.24178pt.
<imagenes/quejoso/InicioSesion_Quejoso.png, id=1522, 1322.9425pt x 850.17625pt>

File: imagenes/quejoso/InicioSesion_Quejoso.png Graphic file (type png)
<use imagenes/quejoso/InicioSesion_Quejoso.png>
Package pdftex.def Info: imagenes/quejoso/InicioSesion_Quejoso.png  used on inp
ut line 225.
(pdftex.def)             Requested size: 401.22942pt x 257.84395pt.
LaTeX Info: Redefining \. on input line 228.
LaTeX Info: Redefining \% on input line 228.

[91

 <./imagenes/quejoso/CrearCuenta_Quejoso.png>]
<imagenes/quejoso/RecuperarContraseña_Quejoso.png, id=1529, 1322.9425pt x 760.
8425pt>
File: imagenes/quejoso/RecuperarContraseña_Quejoso.png Graphic file (type png)

<use imagenes/quejoso/RecuperarContraseña_Quejoso.png>
Package pdftex.def Info: imagenes/quejoso/RecuperarContraseña_Quejoso.png  use
d on input line 244.
(pdftex.def)             Requested size: 401.22942pt x 230.75055pt.


LaTeX Warning: `h' float specifier changed to `ht'.

LaTeX Info: Redefining \. on input line 252.
LaTeX Info: Redefining \% on input line 252.
[92 <./imagenes/quejoso/InicioSesion_Quejoso.png>]
LaTeX Info: Redefining \. on input line 259.
LaTeX Info: Redefining \% on input line 259.
 [93 <./imagenes/quejoso/RecuperarContraseña_Quejoso.png>]
<imagenes/quejoso/Dashboard_Quejoso.png, id=1540, 1322.9425pt x 760.8425pt>
File: imagenes/quejoso/Dashboard_Quejoso.png Graphic file (type png)
<use imagenes/quejoso/Dashboard_Quejoso.png>
Package pdftex.def Info: imagenes/quejoso/Dashboard_Quejoso.png  used on input 
line 264.
(pdftex.def)             Requested size: 401.22942pt x 230.75055pt.
LaTeX Info: Redefining \. on input line 278.
LaTeX Info: Redefining \% on input line 278.
 [94

 <./imagenes/quejoso/Dashboard_Quejoso.png>]
<imagenes/quejoso/NuevaQueja.png, id=1546, 1322.9425pt x 1345.025pt>
File: imagenes/quejoso/NuevaQueja.png Graphic file (type png)
<use imagenes/quejoso/NuevaQueja.png>
Package pdftex.def Info: imagenes/quejoso/NuevaQueja.png  used on input line 28
3.
(pdftex.def)             Requested size: 401.22942pt x 407.92314pt.
LaTeX Info: Redefining \. on input line 294.
LaTeX Info: Redefining \% on input line 294.

[95

 <./imagenes/quejoso/NuevaQueja.png>]
<imagenes/quejoso/DetallesyEvidenciaQujea.png, id=1552, 1322.9425pt x 921.4425p
t>
File: imagenes/quejoso/DetallesyEvidenciaQujea.png Graphic file (type png)
<use imagenes/quejoso/DetallesyEvidenciaQujea.png>
Package pdftex.def Info: imagenes/quejoso/DetallesyEvidenciaQujea.png  used on 
input line 302.
(pdftex.def)             Requested size: 401.22942pt x 279.4578pt.
LaTeX Info: Redefining \. on input line 313.
LaTeX Info: Redefining \% on input line 313.
 [96 <./imagenes/quejoso/DetallesyEvidenciaQujea.png>]
<imagenes/quejoso/NotificacionesRequerimientos.png, id=1558, 1322.9425pt x 760.
8425pt>
File: imagenes/quejoso/NotificacionesRequerimientos.png Graphic file (type png)

<use imagenes/quejoso/NotificacionesRequerimientos.png>
Package pdftex.def Info: imagenes/quejoso/NotificacionesRequerimientos.png  use
d on input line 321.
(pdftex.def)             Requested size: 401.22942pt x 230.75055pt.
LaTeX Info: Redefining \. on input line 333.
LaTeX Info: Redefining \% on input line 333.
 [97 <./imagenes/quejoso/NotificacionesRequerimientos.png>]
<imagenes/recepcion/InicioSesión_DDP.png, id=1565, 1322.9425pt x 794.97pt>
File: imagenes/recepcion/InicioSesión_DDP.png Graphic file (type png)
<use imagenes/recepcion/InicioSesión_DDP.png>
Package pdftex.def Info: imagenes/recepcion/InicioSesión_DDP.png  used on inpu
t line 343.
(pdftex.def)             Requested size: 401.22942pt x 241.10085pt.
LaTeX Info: Redefining \. on input line 354.
LaTeX Info: Redefining \% on input line 354.

[98 <./imagenes/recepcion/InicioSesión_DDP.png>]
<imagenes/recepcion/RecuperaciónContraseñaDDP.png, id=1571, 1322.9425pt x 780
.9175pt>
File: imagenes/recepcion/RecuperaciónContraseñaDDP.png Graphic file (type png
)
<use imagenes/recepcion/RecuperaciónContraseñaDDP.png>
Package pdftex.def Info: imagenes/recepcion/RecuperaciónContraseñaDDP.png  us
ed on input line 362.
(pdftex.def)             Requested size: 401.22942pt x 236.83896pt.
<imagenes/recepcion/RegistroManualQueja.png, id=1572, 1242.6425pt x 983.675pt>
File: imagenes/recepcion/RegistroManualQueja.png Graphic file (type png)
<use imagenes/recepcion/RegistroManualQueja.png>
Package pdftex.def Info: imagenes/recepcion/RegistroManualQueja.png  used on in
put line 382.
(pdftex.def)             Requested size: 401.22942pt x 317.60425pt.
LaTeX Info: Redefining \. on input line 385.
LaTeX Info: Redefining \% on input line 385.
 [99 <./imagenes/recepcion/RecuperaciónContraseñaDDP.png>]
LaTeX Info: Redefining \. on input line 394.
LaTeX Info: Redefining \% on input line 394.
 [100 <./imagenes/recepcion/RegistroManualQueja.png>]
<imagenes/recepcion/PanelGestiónRecepción.png, id=1583, 1322.9425pt x 780.917
5pt>
File: imagenes/recepcion/PanelGestiónRecepción.png Graphic file (type png)
<use imagenes/recepcion/PanelGestiónRecepción.png>
Package pdftex.def Info: imagenes/recepcion/PanelGestiónRecepción.png  used o
n input line 401.
(pdftex.def)             Requested size: 401.22942pt x 236.83896pt.
LaTeX Info: Redefining \. on input line 413.
LaTeX Info: Redefining \% on input line 413.
 [101 <./imagenes/recepcion/PanelGestiónRecepción.png>]
<imagenes/recepcion/ValidaciónRequisitosQueja.png, id=1589, 1322.9425pt x 891.
33pt>
File: imagenes/recepcion/ValidaciónRequisitosQueja.png Graphic file (type png)

<use imagenes/recepcion/ValidaciónRequisitosQueja.png>
Package pdftex.def Info: imagenes/recepcion/ValidaciónRequisitosQueja.png  use
d on input line 421.
(pdftex.def)             Requested size: 401.22942pt x 270.3252pt.
LaTeX Info: Redefining \. on input line 432.
LaTeX Info: Redefining \% on input line 432.
 [102 <./imagenes/recepcion/ValidaciónRequisitosQueja.png>]
<imagenes/recepcion/NotificacionRechazo.png, id=1595, 1322.9425pt x 760.8425pt>

File: imagenes/recepcion/NotificacionRechazo.png Graphic file (type png)
<use imagenes/recepcion/NotificacionRechazo.png>
Package pdftex.def Info: imagenes/recepcion/NotificacionRechazo.png  used on in
put line 441.
(pdftex.def)             Requested size: 401.22942pt x 230.75055pt.
LaTeX Info: Redefining \. on input line 452.
LaTeX Info: Redefining \% on input line 452.
 [103 <./imagenes/recepcion/NotificacionRechazo.png>]
<imagenes/recepcion/BuesquedaAntecedentesCanalizacion.png, id=1602, 1322.9425pt
 x 760.8425pt>
File: imagenes/recepcion/BuesquedaAntecedentesCanalizacion.png Graphic file (ty
pe png)
<use imagenes/recepcion/BuesquedaAntecedentesCanalizacion.png>
Package pdftex.def Info: imagenes/recepcion/BuesquedaAntecedentesCanalizacion.p
ng  used on input line 460.
(pdftex.def)             Requested size: 401.22942pt x 230.75055pt.
LaTeX Info: Redefining \. on input line 472.
LaTeX Info: Redefining \% on input line 472.
 [104 <./imagenes/recepcion/BuesquedaAntecedentesCanalizacion.png>]
<imagenes/primercontacto/DashboardoAnalisisQuejas.png, id=1608, 1322.9425pt x 7
60.8425pt>
File: imagenes/primercontacto/DashboardoAnalisisQuejas.png Graphic file (type p
ng)
<use imagenes/primercontacto/DashboardoAnalisisQuejas.png>
Package pdftex.def Info: imagenes/primercontacto/DashboardoAnalisisQuejas.png  
used on input line 481.
(pdftex.def)             Requested size: 401.22942pt x 230.75055pt.
LaTeX Info: Redefining \. on input line 491.
LaTeX Info: Redefining \% on input line 491.
 [105 <./imagenes/primercontacto/DashboardoAnalisisQuejas.png>]
<imagenes/primercontacto/AnalisisExpediente.png, id=1614, 1322.9425pt x 803.0pt
>
File: imagenes/primercontacto/AnalisisExpediente.png Graphic file (type png)
<use imagenes/primercontacto/AnalisisExpediente.png>
Package pdftex.def Info: imagenes/primercontacto/AnalisisExpediente.png  used o
n input line 499.
(pdftex.def)             Requested size: 401.22942pt x 243.53621pt.
LaTeX Info: Redefining \. on input line 511.
LaTeX Info: Redefining \% on input line 511.
 [106 <./imagenes/primercontacto/AnalisisExpediente.png>]
<imagenes/primercontacto/AgendarCitas.png, id=1620, 1322.9425pt x 937.5025pt>
File: imagenes/primercontacto/AgendarCitas.png Graphic file (type png)
<use imagenes/primercontacto/AgendarCitas.png>
Package pdftex.def Info: imagenes/primercontacto/AgendarCitas.png  used on inpu
t line 516.
(pdftex.def)             Requested size: 401.22942pt x 284.32852pt.
LaTeX Info: Redefining \. on input line 530.
LaTeX Info: Redefining \% on input line 530.
 [107 <./imagenes/primercontacto/AgendarCitas.png>]
<imagenes/primercontacto/DictamenCompetencia.png, id=1626, 1322.9425pt x 1787.6
7876pt>
File: imagenes/primercontacto/DictamenCompetencia.png Graphic file (type png)
<use imagenes/primercontacto/DictamenCompetencia.png>
Package pdftex.def Info: imagenes/primercontacto/DictamenCompetencia.png  used 
on input line 535.
(pdftex.def)             Requested size: 401.22942pt x 542.17249pt.


LaTeX Warning: `h' float specifier changed to `ht'.

LaTeX Info: Redefining \. on input line 539.
LaTeX Info: Redefining \% on input line 539.
[108 <./imagenes/primercontacto/DictamenCompetencia.png>]
LaTeX Info: Redefining \. on input line 551.
LaTeX Info: Redefining \% on input line 551.
 [109


]
<imagenes/primercontacto/FormalizacionNotificacion.png, id=1637, 1322.9425pt x 
958.58125pt>
File: imagenes/primercontacto/FormalizacionNotificacion.png Graphic file (type 
png)
<use imagenes/primercontacto/FormalizacionNotificacion.png>
Package pdftex.def Info: imagenes/primercontacto/FormalizacionNotificacion.png 
 used on input line 557.
(pdftex.def)             Requested size: 401.22942pt x 290.72134pt.

Overfull \hbox (1.35341pt too wide) in paragraph at lines 566--567
[]\T1/ntxtlf/b/n/12 (-20) Gesti�n de Do-cu-men-tos Ad-jun-tos: \T1/ntxtlf/m/n/1
2 (-20) Mues-tra el ar-chi-vo PDF del .[]cuerdo de Ad-mi-si�n"generado
 []

)
LaTeX Info: Redefining \. on input line 30.
LaTeX Info: Redefining \% on input line 30.
 [110

 <./imagenes/primercontacto/FormalizacionNotificacion.png>]
\openout2 = `capitulos/00-anexoB.aux'.


(capitulos/00-anexoB.tex [111




]
LaTeX Info: Redefining \. on input line 77.
LaTeX Info: Redefining \% on input line 77.
 [112]
LaTeX Info: Redefining \. on input line 111.
LaTeX Info: Redefining \% on input line 111.
 [113]
LaTeX Info: Redefining \. on input line 170.
LaTeX Info: Redefining \% on input line 170.
 [114]
LaTeX Info: Redefining \. on input line 199.
LaTeX Info: Redefining \% on input line 199.
 [115]
LaTeX Info: Redefining \. on input line 274.
LaTeX Info: Redefining \% on input line 274.
 [116]
LaTeX Info: Redefining \. on input line 291.
LaTeX Info: Redefining \% on input line 291.
 [117]
LaTeX Info: Redefining \. on input line 349.
LaTeX Info: Redefining \% on input line 349.
 [118]
LaTeX Info: Redefining \. on input line 383.
LaTeX Info: Redefining \% on input line 383.

[119]
LaTeX Info: Redefining \. on input line 441.
LaTeX Info: Redefining \% on input line 441.
 [120]
LaTeX Info: Redefining \. on input line 474.
LaTeX Info: Redefining \% on input line 474.
 [121]
LaTeX Info: Redefining \. on input line 532.
LaTeX Info: Redefining \% on input line 532.
 [122]
LaTeX Info: Redefining \. on input line 570.
LaTeX Info: Redefining \% on input line 570.
 [123]
LaTeX Info: Redefining \. on input line 626.
LaTeX Info: Redefining \% on input line 626.
 [124]
LaTeX Info: Redefining \. on input line 669.
LaTeX Info: Redefining \% on input line 669.
 [125]
LaTeX Info: Redefining \. on input line 676.
LaTeX Info: Redefining \% on input line 676.
 [126]
LaTeX Info: Redefining \. on input line 731.
LaTeX Info: Redefining \% on input line 731.
 [127]
LaTeX Info: Redefining \. on input line 774.
LaTeX Info: Redefining \% on input line 774.
 [128]
LaTeX Info: Redefining \. on input line 835.
LaTeX Info: Redefining \% on input line 835.
 [129]
LaTeX Info: Redefining \. on input line 865.
LaTeX Info: Redefining \% on input line 865.
 [130]
LaTeX Info: Redefining \. on input line 925.
LaTeX Info: Redefining \% on input line 925.

[131]
LaTeX Info: Redefining \. on input line 955.
LaTeX Info: Redefining \% on input line 955.
 [132]
LaTeX Info: Redefining \. on input line 1011.
LaTeX Info: Redefining \% on input line 1011.
 [133]
LaTeX Info: Redefining \. on input line 1048.
LaTeX Info: Redefining \% on input line 1048.
 [134]
LaTeX Info: Redefining \. on input line 1106.
LaTeX Info: Redefining \% on input line 1106.
 [135]
LaTeX Info: Redefining \. on input line 1139.
LaTeX Info: Redefining \% on input line 1139.
 [136]
LaTeX Info: Redefining \. on input line 1195.
LaTeX Info: Redefining \% on input line 1195.
 [137]
LaTeX Info: Redefining \. on input line 1225.
LaTeX Info: Redefining \% on input line 1225.
 [138]
LaTeX Info: Redefining \. on input line 1289.
LaTeX Info: Redefining \% on input line 1289.
 [139]
LaTeX Info: Redefining \. on input line 1314.
LaTeX Info: Redefining \% on input line 1314.
 [140]
LaTeX Info: Redefining \. on input line 1374.
LaTeX Info: Redefining \% on input line 1374.
 [141]
LaTeX Info: Redefining \. on input line 1406.
LaTeX Info: Redefining \% on input line 1406.
 [142]
LaTeX Info: Redefining \. on input line 1465.
LaTeX Info: Redefining \% on input line 1465.

[143]
LaTeX Info: Redefining \. on input line 1497.
LaTeX Info: Redefining \% on input line 1497.
 [144]
LaTeX Info: Redefining \. on input line 1552.
LaTeX Info: Redefining \% on input line 1552.
 [145]
LaTeX Info: Redefining \. on input line 1587.
LaTeX Info: Redefining \% on input line 1587.
 [146]
LaTeX Info: Redefining \. on input line 1643.
LaTeX Info: Redefining \% on input line 1643.
 [147])
LaTeX Info: Redefining \. on input line 31.
LaTeX Info: Redefining \% on input line 31.
 [148]
\openout2 = `capitulos/00-anexoC.aux'.

 (capitulos/00-anexoC.tex
ignored error: Infinite glue shrinkage found in box being split [149




]
ignored error: Infinite glue shrinkage found in box being split
LaTeX Info: Redefining \. on input line 77.
LaTeX Info: Redefining \% on input line 77.
 [150]
ignored error: Infinite glue shrinkage found in box being split
LaTeX Info: Redefining \. on input line 77.
LaTeX Info: Redefining \% on input line 77.
 [151])
LaTeX Info: Redefining \. on input line 32.
LaTeX Info: Redefining \% on input line 32.
 [152]
\openout2 = `capitulos/00-anexoD.aux'.


(capitulos/00-anexoD.tex

LaTeX Warning: Float too large for page by 165.08212pt on input line 45.

) [153




]
LaTeX Info: Redefining \. on input line 33.
LaTeX Info: Redefining \% on input line 33.
 [154]
\openout2 = `capitulos/00-referencias.aux'.

 (capitulos/00-referencias.tex
LaTeX Font Info:    Font shape `T1/ntxtt/m/n' will be
(Font)              scaled to size 10.95pt on input line 12.
 [155




]
LaTeX Info: Redefining \. on input line 79.
LaTeX Info: Redefining \% on input line 79.
 [156])
LaTeX Info: Redefining \. on input line 34.
LaTeX Info: Redefining \% on input line 34.
 [157] (defensoria.aux
(capitulos/00-portada.aux)
LaTeX Info: Redefining \. on input line 13.
LaTeX Info: Redefining \% on input line 13.
 (capitulos/00-advertencia.aux)
(capitulos/00-agradecimientos.aux) (capitulos/00-indices.aux)
(capitulos/01-introduccion.aux) (capitulos/02-estado-del-arte.aux)
(capitulos/03-marco-normativo.aux) (capitulos/04-marco-teorico.aux)
(capitulos/05-metodologia.aux) (capitulos/06-analisis-del-sistema.aux)
(capitulos/07-diseno-del-sistema.aux) (capitulos/00-anexoA.aux)
(capitulos/00-anexoB.aux) (capitulos/00-anexoC.aux) (capitulos/00-anexoD.aux)
(capitulos/00-referencias.aux))
 ***********
LaTeX2e <2025-11-01>
L3 programming layer <2020/03/25>
 ***********


Package rerunfilecheck Warning: File `defensoria.out' has changed.
(rerunfilecheck)                Rerun to get outlines right
(rerunfilecheck)                or use package `bookmark'.

Package rerunfilecheck Info: Checksums for `defensoria.out':
(rerunfilecheck)             Before: 53A4F9522F643AB95F2AC4023FB75850;34132
(rerunfilecheck)             After:  640327920D7C9F92645F846107A37E54;34127.
 ) 
Here is how much of TeX's memory you used:
 36157 strings out of 467871
 691345 string characters out of 5415957
 1102804 words of memory out of 5000000
 63133 multiletter control sequences out of 15000+600000
 800935 words of font info for 433 fonts, out of 8000000 for 9000
 1141 hyphenation exceptions out of 8191
 99i,16n,108p,1141b,1118s stack positions out of 10000i,1000n,20000p,200000b,200000s

pdfTeX warning (dest): name{anexo:casos_uso} has been referenced but does not e
xist, replaced by a fixed one

<C:/Users/Estudiante/AppData/Local/Programs/MiKTeX/fonts/type1/public/newtx/New
TXMI.pfb><C:/Users/Estudiante/AppData/Local/Programs/MiKTeX/fonts/type1/public/
newtx/NewTXMI7.pfb><C:/Users/Estudiante/AppData/Local/Programs/MiKTeX/fonts/typ
e1/public/tex-gyre/qtmr.pfb><C:/Users/Estudiante/AppData/Local/Programs/MiKTeX/
fonts/type1/public/txfonts/t1xtt.pfb><C:/Users/Estudiante/AppData/Local/Program
s/MiKTeX/fonts/type1/public/newtx/txexs.pfb><C:/Users/Estudiante/AppData/Local/
Programs/MiKTeX/fonts/type1/public/newtx/txmiaX.pfb><C:/Users/Estudiante/AppDat
a/Local/Programs/MiKTeX/fonts/type1/public/newtx/txsym.pfb><C:/Users/Estudiante
/AppData/Local/Programs/MiKTeX/fonts/type1/public/newtx/txsys.pfb><C:/Users/Est
udiante/AppData/Local/Programs/MiKTeX/fonts/type1/public/newtx/ztmb.pfb><C:/Use
rs/Estudiante/AppData/Local/Programs/MiKTeX/fonts/type1/public/newtx/ztmbi.pfb>
<C:/Users/Estudiante/AppData/Local/Programs/MiKTeX/fonts/type1/public/newtx/ztm
r.pfb><C:/Users/Estudiante/AppData/Local/Programs/MiKTeX/fonts/type1/public/new
tx/ztmri.pfb>
Output written on defensoria.pdf (169 pages, 3998281 bytes).
PDF statistics:
 2476 PDF objects out of 2487 (max. 8388607)
 696 named destinations out of 1000 (max. 500000)
 72500 words of extra memory for PDF output out of 74296 (max. 10000000)

